pitch,weather,score_home,score_away,corners_home,corners_away,on_target_home,on_target_away,off_target_home,off_target_away,dang_attacks_home,dang_attacks_away,attacks_home,attacks_away,possession_home,possession_away,target
GOOD,GOOD,0,0,1,0,9,4,12,18,78,57,142,127,51%,49%,False
GOOD,GOOD,0,0,4,0,6,1,10,9,35,30,71,63,50%,50%,False
GOOD,GOOD,1,0,0,0,9,4,12,2,83,44,103,87,61%,39%,False
GOOD,GOOD,4,0,0,0,5,4,7,0,47,21,45,42,59%,41%,False
GOOD,GOOD,0,1,0,0,1,2,1,2,64,46,102,94,49%,51%,False
GOOD,GOOD,0,1,0,0,0,1,1,0,22,23,43,39,45%,55%,False
GOOD,GOOD,0,0,0,0,0,7,6,7,45,65,109,129,36%,64%,False
GOOD,GOOD,0,2,0,0,0,2,2,2,23,28,55,73,36%,64%,False
GOOD,SUNNY,0,0,0,0,2,3,6,0,50,47,96,96,43%,57%,False
GOOD,SUNNY,0,0,0,0,0,0,0,0,23,25,49,44,42%,58%,False
GOOD,GOOD,2,1,0,0,9,6,9,4,60,37,82,67,49%,51%,True
GOOD,GOOD,4,2,0,0,4,2,5,0,38,6,53,26,59%,41%,True
GOOD,GOOD,1,2,0,0,4,7,4,3,65,43,94,85,50%,50%,True
GOOD,GOOD,2,4,0,0,2,4,2,3,36,24,47,44,53%,47%,False
GOOD,GOOD,0,1,0,0,4,10,1,14,46,81,72,90,42%,58%,True
GOOD,GOOD,0,3,0,0,2,4,0,7,27,39,32,49,42%,58%,False
GOOD,GOOD,2,0,0,0,13,3,9,6,51,45,113,102,51%,49%,False
GOOD,GOOD,5,0,0,0,5,2,0,5,18,26,46,55,51%,49%,False
GOOD,GOOD,2,0,0,0,2,2,0,0,92,125,155,164,51%,49%,True
GOOD,GOOD,2,1,0,0,2,0,0,0,52,65,86,86,51%,49%,True
GOOD,GOOD,0,0,0,0,4,0,9,6,50,29,145,66,58%,42%,False
GOOD,GOOD,2,0,0,0,1,0,6,1,20,8,86,23,65%,35%,False
GOOD,GOOD,1,0,0,0,4,2,2,5,42,61,98,132,46%,54%,True
GOOD,GOOD,2,2,0,0,2,0,0,1,10,32,39,75,43%,57%,False
GOOD,GOOD,0,0,0,0,4,2,4,7,32,39,68,62,44%,56%,False
GOOD,GOOD,0,0,0,0,0,0,1,0,14,7,32,15,62%,38%,False
GOOD,GOOD,1,0,0,0,2,2,6,7,52,58,97,95,15%,85%,False
GOOD,GOOD,1,0,0,0,2,1,3,2,30,12,47,25,15%,85%,False
GOOD,GOOD,1,5,0,0,11,9,7,4,79,51,111,96,51%,49%,True
GOOD,GOOD,3,5,0,0,1,7,3,1,26,29,61,48,48%,52%,True
GOOD,GOOD,0,1,0,0,9,3,9,3,82,44,103,76,64%,36%,True
GOOD,GOOD,1,2,0,0,2,1,3,1,38,23,53,37,62%,38%,False
GOOD,GOOD,1,0,0,0,10,3,11,7,55,44,75,123,51%,49%,True
GOOD,GOOD,4,0,0,0,6,1,9,3,37,22,46,64,53%,47%,True
GOOD,GOOD,0,0,0,0,1,6,5,2,53,60,110,114,48%,52%,True
GOOD,GOOD,0,0,0,0,0,4,1,1,23,33,47,55,44%,56%,False
GOOD,GOOD,4,0,0,0,6,2,7,3,63,28,87,79,48%,52%,False
GOOD,GOOD,5,0,0,0,4,0,2,1,27,15,43,38,45%,55%,False
GOOD,GOOD,0,0,0,0,1,4,7,16,40,84,83,105,29%,71%,True
GOOD,GOOD,0,0,0,0,0,0,4,6,19,38,37,52,26%,74%,True
GOOD,GOOD,0,0,0,0,10,5,6,7,75,81,122,130,51%,49%,False
GOOD,GOOD,3,2,0,0,3,3,4,5,36,42,54,67,50%,50%,True
GOOD,GOOD,0,1,0,0,1,1,0,0,62,31,119,72,65%,35%,False
GOOD,GOOD,1,1,0,0,0,1,0,0,28,14,60,40,64%,36%,True
GOOD,GOOD,1,1,0,0,3,8,4,7,33,71,92,104,48%,52%,True
GOOD,GOOD,2,4,0,0,2,3,2,2,12,33,45,54,47%,53%,True
GOOD,GOOD,3,0,0,0,10,2,4,3,49,25,96,63,68%,32%,True
GOOD,GOOD,5,0,0,0,4,0,2,0,28,8,52,24,73%,27%,True
GOOD,GOOD,0,0,0,0,4,7,7,6,81,60,138,121,60%,40%,False
GOOD,GOOD,0,2,0,0,2,3,3,3,43,23,74,54,63%,37%,True
GOOD,GOOD,0,0,0,0,4,2,6,2,47,41,113,91,52%,48%,False
GOOD,GOOD,0,0,0,0,1,0,1,1,17,20,53,55,44%,56%,True
GOOD,GOOD,0,0,0,0,2,4,7,7,50,48,88,84,58%,42%,True
GOOD,GOOD,0,0,0,0,1,3,1,1,28,24,49,40,62%,38%,True
GOOD,GOOD,1,0,0,0,2,0,6,3,153,34,191,68,73%,27%,False
GOOD,GOOD,2,0,0,0,1,0,2,2,74,19,89,36,75%,25%,False
GOOD,GOOD,0,0,0,1,0,0,3,1,43,34,102,87,0,0,True
GOOD,GOOD,2,1,0,0,3,5,4,10,83,54,161,131,2,4,False
GOOD,GOOD,0,0,0,0,1,1,4,1,44,31,82,62,61%,39%,False
GOOD,GOOD,1,0,0,0,0,1,1,0,21,13,49,34,64%,36%,True
GOOD,GOOD,2,0,0,0,5,0,7,1,83,38,113,87,56%,44%,False
GOOD,GOOD,4,0,0,0,3,0,1,1,36,26,57,44,52%,48%,False
GOOD,GOOD,1,0,0,1,2,6,5,2,80,69,96,82,53%,47%,False
GOOD,GOOD,1,1,0,4,1,4,3,1,40,32,49,45,54%,46%,True
GOOD,GOOD,3,0,0,0,18,2,7,6,81,41,74,55,59%,41%,False
GOOD,GOOD,6,0,0,0,12,1,4,2,48,15,45,18,65%,35%,True
GOOD,GOOD,0,0,0,0,5,2,5,4,96,74,86,83,46%,54%,False
GOOD,GOOD,0,0,0,0,0,0,3,3,44,37,31,32,43%,57%,True
GOOD,GOOD,1,0,0,0,8,1,9,5,48,33,115,102,50%,50%,True
GOOD,GOOD,1,1,0,0,4,0,4,2,16,20,62,62,45%,55%,True
GOOD,GOOD,0,0,2,0,1,11,4,21,18,92,54,128,32%,68%,False
GOOD,GOOD,0,1,2,0,0,2,3,9,7,33,29,74,38%,62%,True
GOOD,GOOD,2,0,0,0,6,2,6,2,52,38,96,84,56%,44%,False
GOOD,GOOD,3,1,0,0,2,0,3,2,23,24,42,39,51%,49%,False
GOOD,GOOD,1,0,0,0,3,5,3,9,33,56,91,96,1,2,False
GOOD,GOOD,0,0,0,0,1,5,1,8,58,77,118,106,55%,45%,False
GOOD,GOOD,1,0,0,0,0,2,0,2,34,38,61,48,49%,51%,False
GOOD,GOOD,0,1,0,0,2,7,6,11,56,109,110,160,36%,64%,True
GOOD,GOOD,0,1,0,0,1,1,1,8,19,49,57,87,32%,68%,False
GOOD,GOOD,0,0,0,0,7,4,9,4,41,43,70,74,50%,50%,False
GOOD,GOOD,1,1,0,0,2,0,4,2,19,24,36,38,52%,48%,False
GOOD,GOOD,1,0,0,0,9,3,10,6,77,70,87,80,45%,55%,True
GOOD,GOOD,3,0,0,0,6,1,8,0,48,22,48,41,52%,48%,False
GOOD,GOOD,0,0,0,0,2,6,0,3,51,46,85,84,48%,52%,False
GOOD,GOOD,1,3,0,0,1,2,0,2,10,27,32,43,40%,60%,False
GOOD,GOOD,0,1,0,0,2,4,4,5,58,47,88,73,60%,40%,True
GOOD,GOOD,1,1,0,0,1,2,4,2,31,19,45,33,59%,41%,True
GOOD,GOOD,0,1,5,3,4,2,11,5,85,59,101,83,60%,40%,False
GOOD,GOOD,2,2,3,1,1,1,6,2,35,38,43,53,47%,53%,False
GOOD,GOOD,0,0,0,0,1,3,2,4,38,53,91,105,45%,55%,False
GOOD,GOOD,1,0,0,0,0,1,1,3,14,23,45,49,47%,53%,True
GOOD,GOOD,1,0,3,0,2,2,5,13,37,58,98,93,29%,71%,True
GOOD,GOOD,1,2,2,0,2,0,3,4,24,25,52,43,33%,67%,True
GOOD,GOOD,0,1,0,0,3,4,9,4,76,61,139,132,53%,47%,False
GOOD,GOOD,1,1,0,0,0,4,6,1,39,26,66,58,57%,43%,True
GOOD,GOOD,1,1,0,0,9,6,6,4,57,39,97,81,51%,49%,True
GOOD,GOOD,3,2,0,0,4,4,2,4,28,17,48,42,55%,45%,False
GOOD,GOOD,0,0,1,0,2,3,3,7,36,45,64,94,43%,57%,True
GOOD,GOOD,1,0,3,0,1,1,1,5,14,26,30,48,44%,56%,False
GOOD,GOOD,0,0,0,0,2,0,0,0,53,59,83,79,48%,52%,True
GOOD,GOOD,2,0,0,0,0,0,0,0,27,25,34,37,50%,50%,True
REGULAR,RAINY,0,1,0,0,4,6,10,8,76,68,100,97,46%,54%,False
REGULAR,RAINY,2,2,0,0,0,5,4,3,38,36,51,46,43%,57%,True
REGULAR,RAINY,0,0,0,0,2,4,3,14,45,90,100,112,46%,54%,False
REGULAR,RAINY,1,3,0,0,0,0,2,6,20,41,52,59,48%,52%,False
WETANDFAST,RAINY,2,0,0,0,4,4,4,2,72,69,121,111,55%,45%,True
WETANDFAST,RAINY,2,0,0,0,3,2,4,0,35,32,61,53,56%,44%,True
GOOD,GOOD,0,1,0,0,5,6,7,5,38,42,78,88,45%,55%,False
GOOD,GOOD,1,2,0,0,2,3,3,2,14,23,39,48,41%,59%,True
GOOD,GOOD,3,0,0,0,14,0,9,2,111,42,131,92,58%,42%,False
GOOD,GOOD,5,0,0,0,9,0,2,0,56,18,66,43,60%,40%,True
GOOD,GOOD,0,1,0,0,9,2,3,1,60,61,78,77,53%,47%,True
GOOD,GOOD,1,2,0,0,7,1,2,0,30,33,32,36,49%,51%,True
GOOD,GOOD,1,1,0,0,5,7,5,6,40,37,61,75,48%,52%,False
GOOD,GOOD,1,3,0,0,2,3,4,1,21,11,31,38,56%,44%,True
GOOD,GOOD,3,0,0,0,20,2,25,2,87,6,101,13,66%,34%,False
GOOD,GOOD,6,2,0,0,9,0,12,0,42,1,49,5,68%,32%,False
GOOD,GOOD,0,0,0,5,3,1,4,6,31,42,68,69,54%,46%,True
GOOD,GOOD,0,0,0,2,1,0,2,2,21,18,35,33,55%,45%,True
GOOD,GOOD,1,0,0,0,4,0,6,1,119,91,163,146,4,0,False
GOOD,GOOD,1,1,0,0,8,2,5,2,77,79,93,102,3,2,True
GOOD,GOOD,0,1,0,0,2,7,7,4,28,28,58,59,56%,44%,False
GOOD,GOOD,1,2,0,0,1,3,3,1,13,13,23,30,50%,50%,False
GOOD,GOOD,0,0,0,0,0,2,7,5,115,107,186,144,0,0,True
GOOD,GOOD,0,0,0,0,4,3,4,7,82,41,76,59,62%,38%,True
GOOD,GOOD,2,1,0,0,2,2,0,5,38,24,43,31,61%,39%,False
GOOD,GOOD,0,0,0,0,3,4,3,6,56,64,98,88,54%,46%,False
GOOD,GOOD,1,1,0,0,0,1,1,2,23,28,56,46,56%,44%,False
GOOD,GOOD,1,0,0,0,7,2,4,1,44,23,67,54,58%,42%,True
GOOD,GOOD,2,1,0,0,3,1,2,0,25,7,38,24,68%,32%,False
GOOD,GOOD,0,0,0,0,1,5,3,5,75,76,98,97,0,5,True
GOOD,GOOD,0,1,0,0,6,3,10,3,54,35,101,86,56%,44%,False
GOOD,GOOD,1,1,0,0,1,2,6,2,21,22,52,45,60%,40%,False
GOOD,GOOD,0,1,0,0,6,4,6,3,53,43,69,64,47%,53%,False
GOOD,GOOD,0,2,0,0,1,3,1,0,24,16,36,41,45%,55%,True
GOOD,GOOD,0,1,0,0,5,5,3,2,22,31,61,65,40%,60%,False
GOOD,GOOD,0,3,0,0,0,2,1,1,7,16,25,32,34%,66%,False
GOOD,GOOD,2,0,0,0,10,3,7,1,89,63,101,97,56%,44%,True
GOOD,GOOD,2,0,0,0,7,2,2,1,46,31,48,45,59%,41%,True
GOOD,GOOD,0,0,0,0,0,1,5,4,88,95,119,110,0,0,False
GOOD,GOOD,1,0,0,0,6,1,12,1,53,25,73,68,55%,45%,True
GOOD,GOOD,1,0,0,0,4,0,6,1,27,12,35,34,53%,47%,False
GOOD,GOOD,1,1,0,0,4,4,1,13,52,72,119,132,38%,62%,True
GOOD,GOOD,2,2,0,0,3,2,1,6,30,24,55,62,40%,60%,False
GOOD,GOOD,0,0,0,0,3,1,0,4,18,33,57,73,42%,58%,True
GOOD,GOOD,0,0,0,0,1,0,0,2,7,12,27,37,40%,60%,True
GOOD,GOOD,0,4,0,0,4,8,7,8,51,74,85,89,41%,59%,True
GOOD,GOOD,0,5,0,0,2,5,1,5,26,40,39,41,44%,56%,False
GOOD,GOOD,0,0,0,7,3,9,3,10,55,85,61,95,36%,64%,True
GOOD,GOOD,0,1,0,3,1,3,3,5,28,38,36,49,40%,60%,False
GOOD,GOOD,0,1,0,0,10,8,9,3,60,45,99,79,62%,38%,False
GOOD,GOOD,0,1,0,0,6,7,5,1,27,20,50,36,61%,39%,True
GOOD,GOOD,2,3,0,0,2,9,1,4,36,42,72,67,49%,51%,False
GOOD,GOOD,2,5,0,0,2,5,0,3,18,20,33,31,49%,51%,False
GOOD,GOOD,1,3,0,4,3,7,5,4,38,64,93,117,2,3,False
GOOD,GOOD,0,1,3,1,5,3,13,3,65,40,97,85,61%,39%,True
GOOD,GOOD,1,2,3,2,2,2,3,3,24,22,49,49,55%,45%,False
GOOD,GOOD,0,1,1,1,0,4,3,4,59,81,106,146,0,2,False
GOOD,GOOD,0,1,0,0,5,7,7,5,26,23,77,71,54%,46%,False
GOOD,GOOD,0,2,0,0,1,3,3,4,12,11,43,39,41%,59%,False
GOOD,GOOD,1,1,3,0,6,5,9,1,45,40,93,70,62%,38%,False
GOOD,GOOD,2,3,4,0,3,1,5,0,26,18,50,36,65%,35%,True
GOOD,GOOD,1,0,0,0,2,4,5,4,27,32,54,63,49%,51%,False
GOOD,GOOD,1,0,0,0,2,1,2,1,16,15,29,34,43%,57%,True
GOOD,GOOD,0,1,3,1,6,6,5,6,46,39,98,88,67%,33%,True
GOOD,GOOD,3,1,2,0,1,4,1,4,26,24,56,51,63%,37%,False
GOOD,GOOD,1,1,0,0,2,4,8,8,42,38,76,77,53%,47%,True
GOOD,GOOD,1,2,0,0,1,3,5,3,23,20,40,43,53%,47%,True
GOOD,GOOD,1,0,0,0,8,3,6,8,78,92,80,111,42%,58%,True
GOOD,GOOD,4,1,0,0,2,1,4,4,46,42,45,68,45%,55%,True
GOOD,GOOD,2,1,0,0,8,10,10,6,37,36,90,91,52%,48%,True
GOOD,GOOD,2,1,0,0,5,8,5,4,21,22,46,45,47%,53%,False
GOOD,GOOD,2,0,0,6,10,4,7,6,35,23,87,87,48%,52%,True
GOOD,GOOD,4,0,0,2,6,3,2,4,15,12,48,48,54%,46%,True
GOOD,GOOD,0,0,3,0,2,2,5,3,51,33,145,117,58%,42%,True
GOOD,GOOD,0,0,3,0,1,1,1,3,17,20,67,59,49%,51%,True
GOOD,GOOD,0,2,1,0,1,9,2,7,17,46,91,117,38%,62%,False
GOOD,GOOD,0,3,1,0,1,5,2,2,6,25,49,62,38%,62%,False
GOOD,GOOD,2,2,0,0,6,4,3,6,51,38,92,83,55%,45%,False
GOOD,GOOD,3,2,0,0,4,4,0,4,22,18,47,34,59%,41%,False
GOOD,GOOD,1,1,0,1,4,1,8,7,50,43,93,111,49%,51%,True
GOOD,GOOD,2,1,0,0,3,1,2,2,24,27,48,59,43%,57%,False
GOOD,GOOD,2,0,0,0,8,9,11,7,36,33,93,83,49%,51%,True
GOOD,GOOD,5,0,0,0,5,2,5,5,22,17,50,43,48%,52%,False
GOOD,GOOD,1,2,4,0,6,8,11,6,62,35,96,82,56%,44%,True
GOOD,GOOD,2,2,2,0,3,5,5,5,30,16,44,39,55%,45%,False
GOOD,GOOD,0,1,4,0,3,5,6,6,41,47,94,88,54%,46%,True
GOOD,GOOD,0,1,2,0,1,4,2,3,13,27,45,45,52%,48%,True
GOOD,GOOD,1,1,0,0,4,3,8,6,69,73,128,108,56%,44%,True
GOOD,GOOD,1,1,0,0,4,2,5,5,36,34,73,52,57%,43%,True
GOOD,GOOD,0,0,0,0,2,1,5,1,69,44,108,90,67%,33%,False
GOOD,GOOD,2,1,0,0,0,0,2,0,35,21,55,43,67%,33%,False
GOOD,GOOD,0,1,0,0,2,4,10,1,114,48,130,110,53%,47%,False
GOOD,GOOD,0,1,0,0,1,2,3,0,60,21,69,52,52%,48%,False
GOOD,GOOD,2,2,0,0,7,8,5,1,67,60,119,111,51%,49%,False
GOOD,GOOD,3,4,0,0,6,3,3,0,31,30,57,53,52%,48%,True
GOOD,GOOD,0,2,0,0,2,5,7,4,52,62,102,128,43%,57%,True
GOOD,GOOD,1,0,0,0,2,5,0,12,36,77,92,109,49%,51%,True
GOOD,GOOD,1,1,0,0,2,3,0,4,15,37,43,55,46%,54%,False
GOOD,GOOD,1,1,1,6,5,4,6,2,23,29,85,77,47%,53%,False
GOOD,GOOD,2,3,3,3,2,1,1,2,7,13,42,40,40%,60%,True
GOOD,GOOD,0,3,0,0,6,5,16,5,78,56,111,96,62%,38%,True
GOOD,GOOD,2,3,0,0,3,5,9,3,28,25,41,54,60%,40%,False
GOOD,GOOD,0,0,0,0,3,2,6,1,74,24,146,98,65%,35%,False
GOOD,GOOD,0,0,0,0,2,0,4,0,40,6,69,44,63%,37%,False
GOOD,GOOD,0,0,0,0,0,6,3,4,53,69,109,99,50%,50%,False
GOOD,GOOD,0,1,0,0,0,4,2,1,24,36,50,45,48%,52%,False
GOOD,GOOD,0,2,0,0,1,4,4,6,49,95,104,143,40%,60%,False
GOOD,GOOD,1,4,0,0,0,2,1,4,34,44,63,73,40%,60%,False
GOOD,GOOD,2,0,0,0,8,6,8,3,40,37,104,66,56%,44%,True
GOOD,GOOD,2,4,0,0,5,1,4,3,20,17,52,31,58%,42%,False
GOOD,GOOD,0,2,0,0,5,7,3,8,46,83,87,101,42%,58%,False
GOOD,GOOD,0,4,0,0,3,4,0,7,16,47,44,56,42%,58%,False
GOOD,GOOD,0,2,0,0,3,7,6,5,34,39,62,80,52%,48%,True
GOOD,GOOD,0,2,0,0,3,4,3,5,22,24,29,39,49%,51%,True
GOOD,GOOD,0,1,0,0,9,3,9,5,63,36,74,56,60%,40%,False
GOOD,GOOD,4,1,0,0,2,3,4,3,29,18,35,26,61%,39%,False
GOOD,GOOD,1,0,0,0,7,8,6,7,56,43,87,82,52%,48%,False
GOOD,GOOD,1,3,0,0,6,5,4,2,28,16,41,38,50%,50%,True
GOOD,GOOD,2,1,0,0,10,2,9,0,41,11,72,39,54%,46%,False
GOOD,GOOD,7,1,0,0,4,2,7,0,25,10,41,21,53%,47%,False
GOOD,GOOD,1,0,3,0,8,4,7,4,85,46,83,67,54%,46%,True
GOOD,GOOD,3,2,1,0,5,1,5,3,37,25,41,28,53%,47%,False
GOOD,GOOD,3,1,0,0,7,3,7,3,46,47,79,77,53%,47%,True
GOOD,GOOD,3,2,0,0,4,1,3,1,28,26,46,42,51%,49%,True
GOOD,GOOD,4,0,0,0,17,4,5,9,66,27,100,52,64%,36%,False
GOOD,GOOD,7,0,0,0,11,1,4,1,44,8,58,20,63%,37%,False
GOOD,GOOD,0,0,0,0,2,4,1,8,37,60,50,67,52%,48%,False
GOOD,GOOD,1,1,0,0,1,0,0,4,20,29,29,36,51%,49%,False
GOOD,GOOD,1,2,0,0,3,2,1,2,70,48,124,113,54%,46%,True
GOOD,GOOD,3,2,0,0,1,2,1,1,37,23,70,56,58%,42%,True
GOOD,GOOD,1,0,0,0,10,2,13,3,56,28,96,58,56%,44%,True
GOOD,GOOD,4,0,0,0,5,1,5,2,29,12,52,22,61%,39%,False
GOOD,GOOD,3,0,0,1,11,2,10,5,73,25,92,62,63%,37%,True
GOOD,GOOD,5,2,0,0,6,0,3,2,37,10,53,29,61%,39%,False
GOOD,GOOD,0,0,0,0,5,0,4,3,87,46,98,90,59%,41%,False
GOOD,GOOD,5,0,0,0,0,0,3,2,43,20,51,50,60%,40%,True
GOOD,GOOD,1,1,0,0,15,1,13,3,62,28,97,64,61%,39%,True
GOOD,GOOD,3,1,0,0,8,1,1,2,25,12,44,32,63%,37%,True
GOOD,GOOD,0,1,0,0,5,6,4,3,43,48,64,70,45%,55%,False
GOOD,GOOD,2,1,0,0,2,3,3,2,22,28,37,43,46%,54%,True
GOOD,GOOD,0,8,0,0,1,22,1,15,8,57,39,78,35%,65%,False
GOOD,GOOD,0,12,0,0,0,13,1,8,2,28,10,39,22%,78%,False
GOOD,GOOD,2,0,0,0,23,1,15,1,58,9,79,31,65%,35%,True
GOOD,GOOD,6,0,0,0,12,0,5,0,31,3,45,17,61%,39%,False
GOOD,GOOD,0,0,0,0,6,2,12,4,66,32,101,97,53%,47%,True
GOOD,GOOD,1,0,0,0,4,2,8,1,36,13,59,57,54%,46%,True
GOOD,CLOUDY,2,1,0,0,3,3,4,3,30,38,76,65,56%,44%,True
GOOD,CLOUDY,2,2,0,0,2,2,4,2,26,19,42,35,49%,51%,False
GOOD,GOOD,0,0,0,0,5,4,9,2,34,29,86,81,54%,46%,True
GOOD,GOOD,0,1,0,0,0,2,6,2,17,14,43,36,59%,41%,True
GOOD,GOOD,1,2,0,0,8,4,9,6,65,33,109,77,60%,40%,True
GOOD,GOOD,3,3,0,0,3,2,1,3,21,16,50,34,58%,42%,True
GOOD,GOOD,3,0,0,0,11,5,9,7,79,55,122,93,59%,41%,True
GOOD,GOOD,5,1,0,0,6,1,8,4,52,23,67,45,64%,36%,False
GOOD,GOOD,0,0,0,0,5,3,11,10,58,46,108,92,50%,50%,False
GOOD,GOOD,2,1,0,0,2,0,6,3,19,17,47,41,47%,53%,True
GOOD,GOOD,2,1,0,0,8,2,7,1,46,25,102,87,58%,42%,False
GOOD,GOOD,3,1,0,0,5,1,4,0,26,10,53,41,60%,40%,True
GOOD,GOOD,1,0,0,0,6,3,6,5,47,42,84,73,47%,53%,True
GOOD,GOOD,2,0,0,0,4,0,3,3,25,18,43,36,53%,47%,True
GOOD,GOOD,0,1,0,0,0,3,5,3,43,56,94,117,49%,51%,True
GOOD,GOOD,0,1,0,0,0,2,1,0,24,22,45,52,49%,51%,False
GOOD,GOOD,1,0,0,0,11,3,17,3,54,17,83,56,71%,29%,True
GOOD,GOOD,4,0,0,0,4,2,13,1,29,6,47,32,72%,28%,False
GOOD,GOOD,2,0,0,0,11,0,5,1,120,36,168,93,63%,37%,True
GOOD,GOOD,5,0,0,0,6,0,4,0,75,14,109,46,63%,37%,False
GOOD,GOOD,1,1,0,0,9,6,7,8,53,56,93,98,47%,53%,True
GOOD,GOOD,1,3,0,0,4,2,3,3,25,32,46,55,41%,59%,False
GOOD,GOOD,1,3,0,0,2,3,3,4,41,50,84,90,49%,51%,False
GOOD,GOOD,1,3,0,0,2,3,1,3,17,27,39,47,42%,58%,False
GOOD,GOOD,0,0,0,0,8,3,10,6,96,71,155,108,62%,38%,False
GOOD,GOOD,0,0,0,0,5,1,2,2,50,22,74,42,63%,37%,True
GOOD,GOOD,0,0,0,0,4,2,9,1,56,30,71,47,60%,40%,True
GOOD,GOOD,0,0,0,0,2,2,4,0,20,17,32,24,59%,41%,True
GOOD,GOOD,2,0,2,0,8,1,10,7,91,66,125,101,57%,43%,False
GOOD,GOOD,4,0,6,0,5,1,4,6,41,46,69,58,53%,47%,True
GOOD,GOOD,0,1,0,0,2,2,1,1,43,53,88,77,53%,47%,True
GOOD,GOOD,1,1,0,0,1,1,0,0,23,29,45,44,49%,51%,False
GOOD,GOOD,0,0,0,0,8,7,12,14,82,81,120,117,47%,53%,True
GOOD,GOOD,1,3,0,0,3,3,6,8,31,44,55,64,42%,58%,True
GOOD,GOOD,3,1,0,0,4,3,8,3,56,30,81,74,51%,49%,False
GOOD,GOOD,4,2,0,0,3,1,4,0,27,13,33,32,46%,54%,False
GOOD,GOOD,0,0,0,0,2,5,4,4,87,82,97,110,50%,50%,True
GOOD,GOOD,0,3,0,0,1,2,3,1,40,47,45,61,50%,50%,False
GOOD,GOOD,0,0,0,0,3,4,3,4,56,76,86,103,47%,53%,True
GOOD,GOOD,0,1,0,0,1,3,3,2,28,38,39,49,50%,50%,False
GOOD,GOOD,3,0,3,0,7,5,4,5,51,84,87,90,46%,54%,True
GOOD,GOOD,3,1,1,0,3,2,3,2,30,38,40,41,46%,54%,False
GOOD,GOOD,0,1,0,0,2,3,2,2,55,48,92,84,53%,47%,False
GOOD,GOOD,0,3,0,0,0,1,0,1,19,29,42,43,53%,47%,True
GOOD,GOOD,1,0,0,3,2,5,6,8,75,69,133,83,58%,42%,False
GOOD,GOOD,1,2,0,1,2,2,4,4,37,34,70,53,57%,43%,False
GOOD,GOOD,1,0,0,0,8,2,6,9,99,54,117,74,61%,39%,False
GOOD,GOOD,3,0,0,0,3,0,2,5,46,26,67,40,63%,37%,True
GOOD,GOOD,1,1,0,0,7,3,3,5,48,64,68,94,40%,60%,True
GOOD,GOOD,2,1,0,0,3,2,1,3,27,24,32,38,41%,59%,True
GOOD,GOOD,0,0,0,0,2,2,8,9,54,57,99,107,46%,54%,False
GOOD,GOOD,0,0,0,0,0,1,4,2,29,26,52,57,44%,56%,False
GOOD,GOOD,1,1,0,0,4,3,4,3,32,19,71,54,60%,40%,True
GOOD,GOOD,2,1,0,0,2,3,1,1,18,10,34,28,62%,38%,False
GOOD,GOOD,1,0,3,1,12,2,11,4,65,27,92,80,53%,47%,True
GOOD,GOOD,3,0,5,3,6,0,5,0,33,11,47,42,53%,47%,True
GOOD,GOOD,0,0,0,1,1,3,2,5,53,60,104,124,47%,53%,True
GOOD,GOOD,0,1,0,2,0,1,1,1,22,23,48,49,46%,54%,True
GOOD,GOOD,1,0,7,2,6,2,15,7,85,43,113,86,57%,43%,True
GOOD,GOOD,2,0,8,1,3,0,5,2,41,15,64,39,64%,36%,False
GOOD,GOOD,4,0,2,0,8,4,2,7,51,65,84,120,39%,61%,True
GOOD,GOOD,4,0,0,0,5,0,1,4,28,35,42,66,40%,60%,False
GOOD,GOOD,1,0,0,0,7,6,4,9,79,75,107,110,57%,43%,False
GOOD,GOOD,2,0,0,0,3,3,2,5,34,38,50,48,61%,39%,False
GOOD,GOOD,0,3,0,0,6,6,5,7,73,51,80,60,56%,44%,False
GOOD,GOOD,2,4,0,0,1,3,4,5,24,29,45,37,58%,42%,True
GOOD,GOOD,1,2,0,0,3,4,2,5,31,37,68,63,57%,43%,False
GOOD,GOOD,1,3,0,0,3,2,0,2,16,19,40,35,55%,45%,True
GOOD,GOOD,0,0,0,0,1,1,2,4,73,94,87,105,1,0,True
GOOD,GOOD,1,0,1,0,3,3,3,12,33,64,77,166,33%,67%,True
GOOD,GOOD,1,0,1,0,2,0,2,7,11,27,29,86,33%,67%,True
GOOD,GOOD,0,0,0,0,3,7,4,7,31,48,71,83,44%,56%,False
GOOD,GOOD,0,2,0,0,0,3,2,2,10,25,32,43,41%,59%,False
GOOD,GOOD,0,1,2,0,2,1,15,10,62,33,129,91,52%,48%,False
GOOD,GOOD,0,1,2,0,0,1,8,3,27,15,55,42,51%,49%,True
GOOD,GOOD,1,0,5,0,4,4,14,4,81,31,123,79,58%,42%,True
GOOD,GOOD,1,0,5,0,2,2,2,1,36,14,64,32,54%,46%,False
GOOD,GOOD,1,2,0,1,6,3,5,8,35,40,128,117,58%,42%,True
GOOD,GOOD,3,2,0,2,2,3,1,4,15,18,62,57,56%,44%,True
GOOD,GOOD,0,0,0,0,0,2,5,6,16,28,68,81,43%,57%,False
GOOD,GOOD,0,0,0,0,0,0,3,1,6,13,31,37,40%,60%,False
GOOD,GOOD,0,1,4,0,4,4,4,3,55,68,83,101,48%,52%,False
GOOD,GOOD,2,2,1,0,1,1,3,2,31,25,40,46,53%,47%,True
GOOD,GOOD,1,1,0,0,7,9,7,2,40,41,87,82,56%,44%,False
GOOD,GOOD,2,4,0,0,1,3,2,1,22,25,39,43,59%,41%,True
GOOD,GOOD,0,0,0,0,6,2,11,3,107,81,131,121,55%,45%,True
GOOD,GOOD,4,1,0,0,1,1,8,2,57,35,69,63,53%,47%,True
GOOD,GOOD,0,0,0,0,1,3,4,5,36,30,70,66,53%,47%,False
GOOD,GOOD,1,1,0,0,0,0,4,3,19,11,32,28,40%,60%,False
GOOD,GOOD,1,0,0,0,8,2,12,7,71,27,102,68,63%,37%,True
GOOD,GOOD,2,0,0,0,5,0,7,1,40,10,47,39,57%,43%,True
GOOD,GOOD,0,0,2,5,3,5,9,8,43,64,82,102,42%,58%,True
GOOD,GOOD,0,1,2,4,0,1,5,3,20,31,41,47,45%,55%,True
GOOD,GOOD,0,0,0,0,4,0,5,4,46,23,71,64,59%,41%,False
GOOD,GOOD,1,0,0,0,2,0,3,0,24,11,36,33,65%,35%,True
GOOD,GOOD,1,0,6,2,6,2,17,7,51,44,92,114,55%,45%,True
GOOD,GOOD,3,1,3,1,4,1,11,3,29,26,47,56,52%,48%,True
GOOD,GOOD,1,1,2,0,4,5,6,11,27,40,94,110,45%,55%,True
GOOD,GOOD,2,1,1,0,1,1,3,5,14,12,58,50,49%,51%,True
GOOD,GOOD,0,2,1,4,6,5,11,7,69,43,106,107,48%,52%,False
GOOD,GOOD,2,3,7,1,2,4,3,4,39,25,54,49,43%,57%,True
GOOD,GOOD,2,2,0,0,2,7,4,7,39,56,73,98,2,5,False
GOOD,GOOD,0,1,0,1,2,1,11,5,50,51,118,105,54%,46%,False
GOOD,GOOD,1,1,0,0,1,1,5,1,17,21,64,48,60%,40%,False
GOOD,GOOD,0,1,1,2,1,5,6,0,55,34,158,94,59%,41%,False
GOOD,GOOD,1,2,0,1,0,2,2,0,27,13,76,43,60%,40%,False
GOOD,GOOD,1,0,0,0,3,2,12,3,65,57,106,90,2,1,False
GOOD,GOOD,0,0,6,1,0,1,11,3,69,28,128,81,48%,52%,True
GOOD,GOOD,0,0,3,2,0,1,7,2,42,13,75,26,49%,51%,False
GOOD,GOOD,0,0,0,0,1,2,6,15,26,35,99,104,50%,50%,False
GOOD,GOOD,1,1,0,0,0,1,4,7,8,21,47,53,43%,57%,True
GOOD,GOOD,1,2,0,0,4,4,4,5,48,44,90,105,2,3,False
GOOD,GOOD,1,0,0,0,4,5,5,8,82,83,120,133,2,2,False
GOOD,GOOD,0,0,0,0,5,3,3,10,97,70,95,103,1,2,True
GOOD,GOOD,0,1,4,0,3,2,8,5,77,68,99,112,50%,50%,True
GOOD,GOOD,0,1,2,0,1,2,5,1,38,29,53,57,47%,53%,False
GOOD,GOOD,1,0,5,0,3,7,13,3,70,68,106,98,2,2,False
GOOD,GOOD,1,0,0,0,10,1,15,3,51,34,92,94,45%,55%,False
GOOD,GOOD,2,0,0,0,5,0,10,1,25,14,48,45,47%,53%,False
GOOD,GOOD,1,0,1,2,5,5,3,7,38,48,83,75,53%,47%,False
GOOD,GOOD,1,2,2,1,2,1,1,3,17,20,45,31,64%,36%,False
GOOD,GOOD,0,0,0,3,1,0,2,3,70,53,118,90,54%,46%,False
GOOD,GOOD,0,0,0,1,0,0,2,2,34,26,71,38,65%,35%,False
GOOD,GOOD,0,0,3,1,0,6,6,5,104,63,156,105,59%,41%,True
GOOD,GOOD,0,1,3,2,0,2,4,2,49,34,79,48,67%,33%,False
GOOD,GOOD,0,0,0,1,5,7,5,11,61,91,100,125,34%,66%,False
GOOD,GOOD,1,1,1,3,2,4,3,6,28,52,49,63,28%,72%,True
GOOD,GOOD,1,0,5,4,2,3,13,17,40,70,103,99,49%,51%,True
GOOD,GOOD,1,0,3,2,1,1,5,9,19,32,46,36,46%,54%,True
GOOD,GOOD,1,1,0,0,1,2,8,9,79,64,89,70,1,2,True
GOOD,GOOD,0,1,0,0,2,2,8,3,77,48,104,77,51%,49%,True
GOOD,GOOD,0,1,0,0,0,1,3,2,33,21,44,36,51%,49%,True
GOOD,GOOD,0,0,0,0,5,1,11,3,73,33,97,67,63%,37%,True
GOOD,GOOD,0,0,0,0,1,1,1,3,23,20,36,29,62%,38%,True
GOOD,GOOD,0,0,0,0,4,1,9,7,33,39,112,120,47%,53%,True
GOOD,GOOD,2,0,0,0,0,1,6,3,19,25,62,61,52%,48%,False
GOOD,GOOD,0,0,0,1,3,5,3,3,62,59,101,108,48%,52%,False
GOOD,GOOD,0,0,0,5,1,0,2,2,25,29,52,61,47%,53%,False
GOOD,GOOD,0,0,0,0,1,2,4,10,48,82,130,134,44%,56%,True
GOOD,GOOD,0,1,0,0,0,0,1,6,18,43,66,67,47%,53%,True
GOOD,GOOD,0,0,0,0,3,2,4,1,61,53,62,69,50%,50%,False
GOOD,GOOD,1,1,0,0,1,1,2,0,30,23,27,34,45%,55%,True
GOOD,GOOD,2,2,2,3,6,6,9,4,62,53,135,100,56%,44%,False
GOOD,GOOD,2,2,4,4,3,4,4,2,33,21,74,44,58%,42%,True
GOOD,GOOD,1,0,0,0,2,1,4,11,56,79,96,87,52%,48%,True
GOOD,GOOD,1,0,0,0,2,0,1,6,27,35,51,45,58%,42%,True
GOOD,GOOD,1,1,0,0,10,2,5,3,53,41,85,81,62%,38%,False
GOOD,GOOD,3,1,5,0,2,2,1,0,26,21,47,42,60%,40%,False
GOOD,GOOD,0,0,0,0,3,1,2,2,83,48,105,97,52%,48%,True
GOOD,GOOD,0,1,0,0,1,0,0,1,41,27,49,50,54%,46%,False
GOOD,GOOD,1,1,0,0,3,5,6,6,67,67,90,77,3,3,True
GOOD,GOOD,1,0,0,0,5,1,4,5,60,81,107,103,50%,50%,True
GOOD,GOOD,1,0,0,0,4,0,2,0,42,31,63,54,52%,48%,True
GOOD,GOOD,0,1,0,0,1,2,5,3,33,29,89,86,44%,56%,True
GOOD,GOOD,1,1,0,0,0,1,2,1,13,12,48,48,47%,53%,True
GOOD,GOOD,0,0,0,0,4,6,9,7,73,71,93,75,61%,39%,False
GOOD,GOOD,1,0,0,0,1,5,3,5,38,32,45,36,63%,37%,False
GOOD,GOOD,1,1,3,0,5,3,3,1,46,67,86,88,52%,48%,True
GOOD,GOOD,2,2,1,0,3,2,1,0,21,35,45,47,48%,52%,False
GOOD,GOOD,0,0,0,0,6,0,4,2,38,17,99,72,62%,38%,False
GOOD,GOOD,3,0,0,0,3,0,2,2,25,9,48,38,59%,41%,False
GOOD,GOOD,1,0,0,0,3,0,5,4,56,89,92,129,44%,56%,False
GOOD,GOOD,3,0,0,0,1,0,3,2,22,46,33,64,44%,56%,False
GOOD,GOOD,0,0,2,3,7,4,9,4,60,36,105,111,49%,51%,False
GOOD,GOOD,0,1,9,1,3,2,0,2,25,22,38,64,44%,56%,True
GOOD,GOOD,1,0,1,0,3,2,6,10,45,49,77,122,48%,52%,False
GOOD,GOOD,2,0,5,0,1,1,1,7,11,38,28,68,37%,63%,True
GOOD,GOOD,1,2,0,3,2,6,6,6,23,43,61,83,39%,61%,True
GOOD,GOOD,1,3,0,3,2,3,2,2,11,21,30,41,35%,65%,True
GOOD,GOOD,0,0,1,4,0,6,5,10,35,99,92,162,39%,61%,True
GOOD,GOOD,0,1,1,2,0,1,2,5,17,47,40,87,37%,63%,False
GOOD,GOOD,1,0,0,0,4,7,5,8,45,56,103,111,42%,58%,False
GOOD,GOOD,2,0,0,0,1,6,1,4,26,27,60,56,47%,53%,True
GOOD,GOOD,0,2,0,0,7,5,9,2,83,40,163,121,54%,46%,False
GOOD,GOOD,0,2,0,0,1,4,3,1,31,14,70,61,52%,48%,False
GOOD,GOOD,0,1,0,0,5,5,14,5,52,41,129,97,35%,65%,False
GOOD,GOOD,1,1,0,0,1,3,10,2,32,8,78,36,42%,58%,True
GOOD,GOOD,0,0,3,1,4,10,7,4,75,66,106,114,45%,55%,True
GOOD,GOOD,3,3,3,2,0,4,2,1,37,39,53,58,42%,58%,False
GOOD,GOOD,0,2,0,0,3,5,2,4,56,79,82,114,48%,52%,False
GOOD,GOOD,1,4,0,0,1,3,1,3,26,42,46,57,43%,57%,False
GOOD,GOOD,1,0,0,0,7,0,3,2,73,34,104,90,51%,49%,False
GOOD,GOOD,3,0,0,0,3,0,1,2,39,14,54,39,55%,45%,False
GOOD,GOOD,2,0,2,5,4,6,8,13,48,55,75,128,43%,57%,True
GOOD,GOOD,2,0,2,5,2,2,3,7,19,25,35,58,47%,53%,True
GOOD,GOOD,0,0,0,0,1,2,3,6,66,78,81,90,51%,49%,False
GOOD,GOOD,0,0,0,0,1,1,1,2,37,36,43,50,51%,49%,False
GOOD,GOOD,2,0,0,0,10,2,6,4,69,60,94,92,50%,50%,False
GOOD,GOOD,4,0,0,0,6,0,3,4,41,27,53,43,54%,46%,False
GOOD,GOOD,1,0,0,0,2,5,4,10,41,72,79,120,42%,58%,True
GOOD,GOOD,1,1,0,0,2,3,4,5,23,28,31,55,43%,57%,True
GOOD,GOOD,1,1,1,0,4,6,9,5,37,48,119,91,50%,50%,True
GOOD,GOOD,1,2,2,0,2,2,3,1,19,24,63,42,57%,43%,True
GOOD,GOOD,0,2,0,8,2,5,6,15,28,105,48,103,23%,77%,False
GOOD,GOOD,0,3,1,2,2,3,5,5,16,58,29,51,25%,75%,False
GOOD,GOOD,0,1,2,2,3,4,10,10,32,49,78,121,35%,65%,False
GOOD,GOOD,0,1,2,1,2,3,3,5,8,32,26,63,27%,73%,True
GOOD,GOOD,0,0,2,0,2,4,12,10,46,56,110,130,44%,56%,True
GOOD,GOOD,0,1,2,0,1,1,3,8,22,37,38,76,37%,63%,True
GOOD,GOOD,2,0,0,0,13,5,11,4,129,68,135,112,52%,48%,True
GOOD,GOOD,5,0,0,0,5,3,2,0,77,31,74,47,57%,43%,True
GOOD,GOOD,1,1,0,0,5,4,9,7,87,39,156,82,69%,31%,True
GOOD,GOOD,3,1,0,0,3,3,5,4,49,26,77,38,68%,32%,False
GOOD,GOOD,0,0,0,0,4,1,9,0,143,22,150,79,72%,28%,True
GOOD,GOOD,0,0,0,0,2,1,5,0,67,12,73,44,74%,26%,False
GOOD,GOOD,4,1,0,0,7,2,1,4,47,55,78,80,53%,47%,False
GOOD,GOOD,6,2,0,0,5,1,0,3,21,31,39,42,49%,51%,False
GOOD,GOOD,0,4,0,0,1,8,2,10,37,62,64,79,48%,52%,False
GOOD,GOOD,1,6,0,0,0,5,2,4,21,27,34,42,50%,50%,False
GOOD,GOOD,1,0,0,0,6,2,3,6,40,27,79,72,60%,40%,True
GOOD,GOOD,4,1,0,0,2,1,2,4,19,13,46,33,63%,37%,True
GOOD,GOOD,3,0,0,0,7,3,9,8,58,41,97,79,56%,44%,True
GOOD,GOOD,3,0,0,0,5,0,3,5,28,17,53,37,63%,37%,True
GOOD,GOOD,0,1,0,0,4,2,8,9,84,58,135,118,48%,52%,False
GOOD,GOOD,0,1,0,0,1,2,2,2,43,22,70,54,46%,54%,False
GOOD,GOOD,0,0,0,0,4,1,11,6,68,21,103,109,47%,53%,False
GOOD,GOOD,1,0,0,0,3,0,4,0,32,4,51,60,49%,51%,True
GOOD,GOOD,1,0,2,0,2,5,1,4,24,63,118,127,2,1,True
GOOD,GOOD,0,1,0,0,4,8,3,3,36,41,65,56,57%,43%,True
GOOD,GOOD,0,3,0,0,2,3,2,1,16,13,32,19,57%,43%,True
GOOD,GOOD,1,0,0,0,3,1,4,4,80,39,98,100,55%,45%,True
GOOD,GOOD,3,0,0,0,1,1,2,1,41,19,53,51,54%,46%,False
GOOD,GOOD,0,2,0,0,7,8,9,12,55,58,137,125,49%,51%,False
GOOD,GOOD,3,3,0,0,1,2,8,4,24,19,46,45,48%,52%,False
GOOD,GOOD,1,0,0,0,4,0,2,2,78,68,131,111,2,0,False
GOOD,GOOD,0,0,0,5,1,2,1,9,42,110,108,139,47%,53%,True
GOOD,GOOD,0,2,0,16,0,0,0,2,26,48,49,72,48%,52%,False
GOOD,GOOD,1,3,0,0,2,6,7,7,71,64,83,80,54%,46%,True
GOOD,GOOD,2,4,0,0,1,4,2,4,30,33,41,47,49%,51%,True
GOOD,GOOD,0,0,0,0,4,1,11,2,49,20,130,79,61%,39%,False
GOOD,GOOD,3,0,0,0,0,0,8,1,25,11,78,39,61%,39%,False
GOOD,GOOD,0,1,0,0,3,1,5,2,79,57,142,109,1,1,False
GOOD,GOOD,0,0,0,0,3,1,2,1,67,43,121,96,0,1,False
GOOD,GOOD,1,0,0,0,4,4,4,2,44,65,59,82,41%,59%,False
GOOD,GOOD,3,0,0,0,1,2,2,0,24,29,34,41,33%,67%,True
GOOD,GOOD,0,0,0,0,6,3,4,2,68,43,111,102,58%,42%,False
GOOD,GOOD,2,0,0,0,2,1,3,1,36,18,57,42,59%,41%,False
GOOD,GOOD,1,0,0,0,8,7,2,8,52,60,109,114,47%,53%,True
GOOD,GOOD,2,0,0,0,6,6,0,3,32,28,54,61,42%,58%,False
GOOD,GOOD,1,0,0,0,5,1,2,3,41,50,94,105,3,0,False
GOOD,GOOD,0,1,0,0,2,2,11,2,115,41,151,92,67%,33%,False
GOOD,GOOD,0,1,0,0,1,1,4,1,50,16,77,42,60%,40%,True
GOOD,GOOD,0,0,0,3,1,3,3,3,29,47,82,61,44%,56%,False
GOOD,GOOD,0,1,0,2,0,1,1,1,11,19,46,31,41%,59%,False
GOOD,GOOD,2,1,0,0,9,1,7,3,53,40,109,103,59%,41%,True
GOOD,GOOD,2,1,0,0,5,1,4,2,23,18,58,51,59%,41%,False
GOOD,GOOD,0,0,0,0,2,1,4,1,95,36,147,83,65%,35%,False
GOOD,GOOD,0,0,0,0,2,0,2,1,39,19,72,40,61%,39%,False
GOOD,GOOD,0,0,0,0,2,1,9,3,33,46,73,96,43%,57%,False
GOOD,GOOD,0,0,0,0,2,0,3,2,14,15,24,36,43%,57%,False
GOOD,GOOD,1,1,0,0,3,8,4,3,36,46,94,95,45%,55%,False
GOOD,GOOD,2,3,0,0,2,2,2,1,19,15,46,48,46%,54%,False
GOOD,GOOD,1,0,0,3,1,0,3,3,22,31,77,98,48%,52%,False
GOOD,GOOD,1,0,0,1,1,0,2,2,15,13,46,41,56%,44%,False
GOOD,GOOD,0,2,0,0,1,10,6,8,34,54,96,92,47%,53%,True
GOOD,GOOD,0,6,0,0,0,3,3,4,13,24,47,55,47%,53%,True
GOOD,GOOD,1,0,0,0,2,2,2,2,70,60,130,120,2,0,False
GOOD,GOOD,1,1,3,0,5,3,6,5,80,31,128,73,61%,39%,True
GOOD,GOOD,2,1,6,0,2,3,3,2,32,16,60,31,59%,41%,True
GOOD,GOOD,1,2,0,0,4,7,5,9,42,67,79,88,1,7,True
GOOD,GOOD,1,0,0,0,5,5,12,2,51,23,117,104,51%,49%,False
GOOD,GOOD,2,0,0,0,3,4,2,1,25,10,59,53,54%,46%,False
GOOD,GOOD,0,0,0,0,7,1,6,1,112,64,90,83,55%,45%,False
GOOD,GOOD,3,0,0,0,0,0,4,0,51,31,47,41,53%,47%,False
GOOD,GOOD,0,1,0,0,6,5,9,11,43,43,101,104,49%,51%,False
GOOD,GOOD,0,2,0,0,2,2,3,8,17,28,42,51,48%,52%,True
GOOD,GOOD,0,0,0,0,5,2,5,4,49,38,99,94,52%,48%,False
GOOD,GOOD,0,0,0,0,2,1,2,1,22,14,46,46,51%,49%,True
GOOD,GOOD,1,1,0,0,4,5,8,4,82,41,90,69,55%,45%,False
GOOD,GOOD,2,3,0,0,3,2,7,1,43,15,44,32,48%,52%,True
GOOD,GOOD,0,0,0,1,7,3,11,2,48,28,66,57,50%,50%,False
GOOD,GOOD,1,1,0,1,1,1,3,0,19,12,31,32,42%,58%,True
GOOD,GOOD,1,1,0,0,6,8,2,12,23,46,59,86,39%,61%,True
GOOD,GOOD,2,2,0,0,2,5,0,6,9,18,31,44,37%,63%,True
GOOD,GOOD,0,0,0,0,4,6,2,5,64,66,107,104,53%,47%,False
GOOD,GOOD,0,1,0,0,2,2,2,0,30,33,52,54,52%,48%,False
GOOD,GOOD,1,1,0,2,2,7,4,9,27,44,71,71,41%,59%,True
GOOD,GOOD,2,4,0,1,1,3,2,6,9,22,36,31,47%,53%,True
GOOD,GOOD,2,2,0,0,6,10,5,5,28,32,69,76,49%,51%,False
GOOD,GOOD,4,4,0,0,3,4,2,3,15,17,34,37,45%,55%,False
GOOD,GOOD,1,0,0,4,3,4,1,3,55,90,86,114,38%,62%,True
GOOD,GOOD,2,1,0,7,1,1,1,0,29,37,46,55,38%,62%,True
GOOD,GOOD,1,0,0,0,2,6,7,7,74,88,88,128,2,2,True
GOOD,GOOD,1,0,3,5,3,5,6,12,22,85,72,130,30%,70%,True
GOOD,GOOD,2,2,0,5,2,1,2,5,17,36,39,53,37%,63%,False
GOOD,GOOD,1,1,0,2,2,1,1,0,55,44,114,112,1,1,False
GOOD,GOOD,1,0,0,0,9,2,8,6,35,28,72,77,54%,46%,False
GOOD,GOOD,3,0,0,0,3,0,6,2,14,12,33,40,50%,50%,True
GOOD,GOOD,0,1,2,0,3,6,6,9,46,56,97,92,55%,45%,False
GOOD,GOOD,1,1,3,0,2,4,3,8,19,33,45,53,44%,56%,False
GOOD,GOOD,0,1,3,0,5,5,5,4,42,26,75,67,54%,46%,False
GOOD,GOOD,0,1,4,0,3,2,4,2,23,8,43,26,57%,43%,True
GOOD,GOOD,0,0,4,4,3,3,11,5,64,43,123,98,46%,54%,True
GOOD,GOOD,1,2,0,2,1,1,7,5,39,20,58,53,46%,54%,True
GOOD,GOOD,0,0,0,2,5,2,4,11,28,72,75,114,40%,60%,True
GOOD,GOOD,0,0,0,9,4,1,2,3,19,21,45,56,44%,56%,True
GOOD,GOOD,0,1,0,0,4,3,16,0,72,20,105,71,64%,36%,False
GOOD,GOOD,0,1,0,0,3,2,3,0,26,8,53,35,68%,32%,True
GOOD,GOOD,0,3,0,0,2,7,8,11,27,33,63,74,41%,59%,True
GOOD,GOOD,1,5,0,0,0,4,3,9,9,17,30,34,38%,62%,False
GOOD,GOOD,0,1,0,0,2,4,9,3,30,20,49,40,59%,41%,True
GOOD,GOOD,1,2,0,0,0,2,3,2,13,9,24,19,54%,46%,False
GOOD,GOOD,0,0,0,4,0,3,2,1,25,49,63,74,39%,61%,True
GOOD,GOOD,0,0,0,5,0,3,2,0,15,25,36,40,37%,63%,True
GOOD,GOOD,0,0,1,2,0,5,3,14,54,61,84,76,0,2,False
GOOD,GOOD,2,0,0,0,9,7,10,7,35,39,79,80,49%,51%,False
GOOD,GOOD,5,0,0,0,4,3,4,3,18,19,37,37,48%,52%,True
GOOD,GOOD,0,0,3,1,4,3,13,1,49,34,98,88,61%,39%,True
GOOD,GOOD,1,1,4,1,0,1,4,1,25,21,47,54,52%,48%,False
GOOD,GOOD,0,0,0,0,3,3,11,5,94,84,95,78,53%,47%,True
GOOD,GOOD,0,0,0,0,2,1,6,4,42,42,50,35,55%,45%,True
GOOD,GOOD,1,0,0,0,8,6,5,11,28,35,73,76,41%,59%,False
GOOD,GOOD,5,0,0,0,3,5,3,8,14,20,39,40,44%,56%,True
GOOD,GOOD,0,0,0,0,1,1,3,2,99,79,115,111,58%,42%,True
GOOD,GOOD,0,1,0,0,0,0,3,1,48,35,57,58,62%,38%,True
GOOD,GOOD,0,2,0,0,6,7,8,8,31,43,98,103,39%,61%,False
GOOD,GOOD,0,2,0,0,6,7,8,8,31,43,98,103,39%,61%,False
GOOD,GOOD,1,3,0,0,3,4,3,5,13,20,54,51,38%,62%,False
GOOD,GOOD,2,0,0,0,5,3,4,5,61,32,112,98,59%,41%,True
GOOD,GOOD,2,0,0,0,4,1,1,1,31,11,54,50,62%,38%,True
GOOD,GOOD,0,2,0,0,5,5,11,2,75,65,120,125,51%,49%,False
GOOD,GOOD,0,3,0,0,2,4,3,0,35,36,64,65,53%,47%,True
GOOD,GOOD,0,1,0,0,8,7,5,3,78,80,84,109,42%,58%,True
GOOD,GOOD,1,4,0,0,5,1,1,2,44,43,41,72,33%,67%,False
GOOD,GOOD,0,0,0,0,2,0,19,7,45,31,98,92,52%,48%,True
GOOD,GOOD,2,0,0,0,0,0,12,4,23,14,51,48,53%,47%,True
GOOD,GOOD,0,0,0,0,8,2,3,5,99,89,101,81,4,0,True
GOOD,GOOD,0,0,0,0,6,2,1,7,118,86,108,115,47%,53%,False
GOOD,GOOD,0,0,0,0,3,1,1,3,59,45,57,63,45%,55%,True
GOOD,GOOD,0,1,0,0,3,3,3,6,70,49,87,80,53%,47%,False
GOOD,GOOD,0,1,0,0,3,1,2,1,35,27,49,45,52%,48%,True
GOOD,GOOD,1,0,0,0,5,1,8,2,97,53,184,143,60%,40%,False
GOOD,GOOD,2,0,0,0,2,0,4,1,53,21,94,65,61%,39%,True
GOOD,GOOD,1,0,0,0,5,0,3,5,42,50,96,115,42%,58%,False
GOOD,GOOD,1,0,0,0,5,0,1,1,17,24,42,53,44%,56%,True
GOOD,GOOD,2,1,0,0,8,2,12,2,94,41,137,96,60%,40%,False
GOOD,GOOD,4,1,0,0,5,1,3,2,48,20,65,45,55%,45%,False
GOOD,GOOD,0,0,0,0,2,7,5,3,46,32,87,79,54%,46%,True
GOOD,GOOD,0,1,0,0,0,4,2,1,19,19,39,44,48%,52%,False
GOOD,GOOD,2,0,0,0,5,2,3,3,61,81,104,111,50%,50%,False
GOOD,GOOD,2,0,0,0,3,0,3,2,34,36,52,52,52%,48%,True
GOOD,GOOD,1,2,0,5,4,3,6,6,50,56,100,91,49%,51%,True
GOOD,GOOD,1,2,0,1,2,3,1,3,20,33,43,42,43%,57%,True
GOOD,GOOD,3,0,3,2,5,1,5,6,61,68,116,136,49%,51%,False
GOOD,GOOD,3,0,4,2,5,0,3,3,31,31,56,63,50%,50%,False
GOOD,GOOD,0,0,0,6,2,6,7,13,56,62,129,112,52%,48%,True
GOOD,GOOD,0,1,0,2,1,4,3,10,24,35,56,73,46%,54%,True
GOOD,GOOD,1,0,0,0,9,8,7,4,103,93,128,124,54%,46%,True
GOOD,GOOD,2,0,0,0,5,4,5,3,49,44,60,65,54%,46%,True
GOOD,GOOD,0,1,1,0,2,3,4,3,74,70,120,122,48%,52%,False
GOOD,GOOD,0,2,3,0,0,1,1,3,22,39,44,75,33%,67%,True
GOOD,GOOD,3,0,3,1,7,3,10,5,51,36,99,74,57%,43%,False
GOOD,GOOD,5,0,3,4,3,2,6,0,25,16,50,38,65%,35%,False
GOOD,GOOD,2,0,0,0,6,0,6,5,87,35,148,101,53%,47%,False
GOOD,GOOD,3,0,0,0,4,0,1,1,49,14,69,46,54%,46%,False
GOOD,GOOD,0,0,0,0,9,0,8,3,113,36,139,66,69%,31%,True
GOOD,GOOD,0,0,0,0,6,0,3,2,55,16,73,28,72%,28%,True
GOOD,GOOD,1,0,0,0,2,4,11,8,86,80,106,93,47%,53%,False
GOOD,GOOD,2,0,0,0,1,2,5,4,37,47,57,55,42%,58%,False
GOOD,GOOD,0,1,0,0,8,3,17,2,130,48,186,81,65%,35%,False
GOOD,GOOD,0,1,0,0,3,2,7,0,61,23,99,36,67%,33%,False
GOOD,GOOD,0,2,0,0,8,4,6,0,89,28,110,77,67%,33%,True
GOOD,GOOD,3,2,0,0,2,3,3,0,46,13,63,35,70%,30%,True
GOOD,GOOD,0,1,0,0,2,2,4,5,19,16,42,48,46%,54%,False
GOOD,GOOD,2,2,0,0,0,1,0,2,1,2,4,7,48%,52%,False
GOOD,GOOD,1,2,0,0,3,10,8,10,42,42,96,98,45%,55%,True
GOOD,GOOD,1,6,0,0,1,5,6,5,22,22,40,48,48%,52%,False
GOOD,GOOD,0,1,0,0,5,5,9,5,102,70,125,100,54%,46%,False
GOOD,GOOD,2,2,0,0,2,1,4,3,46,36,64,56,54%,46%,True
GOOD,GOOD,2,0,0,0,5,0,3,4,80,63,118,75,59%,41%,True
GOOD,GOOD,2,0,0,0,4,0,1,2,30,29,53,40,56%,44%,True
GOOD,GOOD,0,0,0,2,2,2,10,4,57,31,123,96,50%,50%,True
GOOD,GOOD,0,1,0,1,0,0,3,3,25,17,59,59,39%,61%,True
GOOD,GOOD,1,2,3,0,4,6,10,12,57,41,136,100,56%,44%,False
GOOD,GOOD,1,3,1,0,3,2,6,7,33,24,63,44,54%,46%,False
GOOD,GOOD,0,1,0,4,3,10,3,9,43,97,54,116,37%,63%,False
GOOD,GOOD,0,4,0,3,0,4,0,3,15,56,22,66,32%,68%,True
GOOD,GOOD,0,0,1,4,2,4,6,11,30,90,70,141,29%,71%,True
GOOD,GOOD,0,1,1,4,0,0,5,4,15,51,41,67,30%,70%,True
GOOD,GOOD,0,1,0,3,7,5,3,3,32,46,107,115,51%,49%,True
GOOD,GOOD,2,1,1,0,2,4,2,2,12,13,60,47,52%,48%,True
GOOD,GOOD,0,1,0,0,5,1,6,2,89,45,90,87,56%,44%,True
GOOD,GOOD,0,1,0,0,4,1,2,1,56,13,47,30,63%,37%,False
GOOD,GOOD,1,0,0,0,7,1,5,3,43,37,75,91,45%,55%,True
GOOD,GOOD,2,0,0,0,4,0,3,3,19,19,31,49,42%,58%,True
GOOD,GOOD,0,0,0,0,5,2,4,7,76,75,108,105,56%,44%,True
GOOD,GOOD,1,0,0,0,2,2,4,1,42,33,64,57,60%,40%,False
GOOD,GOOD,1,0,0,0,5,2,7,3,70,44,90,71,58%,42%,False
GOOD,GOOD,2,0,0,0,1,0,5,1,36,12,49,36,63%,37%,False
GOOD,GOOD,0,0,0,0,6,2,8,5,80,21,122,60,65%,35%,True
GOOD,GOOD,1,1,0,0,2,1,4,1,40,12,73,31,65%,35%,True
GOOD,GOOD,1,1,0,0,7,3,5,2,67,36,81,59,58%,42%,True
GOOD,GOOD,2,1,0,0,5,2,4,1,32,23,43,31,64%,36%,True
GOOD,GOOD,1,0,0,0,2,7,2,11,37,60,151,145,48%,52%,False
GOOD,GOOD,1,1,0,0,2,4,2,4,28,28,70,61,50%,50%,False
GOOD,GOOD,1,0,0,0,3,0,8,2,49,42,123,122,58%,42%,False
GOOD,GOOD,1,0,0,0,3,0,2,1,28,15,66,58,58%,42%,False
GOOD,GOOD,0,0,2,0,2,2,5,3,67,53,84,91,47%,53%,True
GOOD,GOOD,1,1,5,0,0,0,2,3,29,26,47,46,49%,51%,False
GOOD,GOOD,1,0,0,0,7,3,4,12,31,59,60,136,42%,58%,False
GOOD,GOOD,1,1,0,0,3,0,0,4,9,28,25,91,36%,64%,True
GOOD,GOOD,2,0,0,0,9,1,5,11,39,51,79,144,49%,51%,False
GOOD,GOOD,2,1,0,1,5,0,3,5,15,24,37,80,48%,52%,True
GOOD,GOOD,1,0,0,0,2,2,1,10,34,47,85,122,45%,55%,False
GOOD,GOOD,1,0,0,0,2,1,1,5,20,15,53,50,52%,48%,False
GOOD,GOOD,0,1,0,0,1,4,9,11,66,29,127,83,49%,51%,False
GOOD,GOOD,0,1,0,0,0,2,4,5,29,7,59,39,49%,51%,False
GOOD,GOOD,1,0,2,0,3,0,6,6,65,67,106,110,54%,46%,False
GOOD,GOOD,1,0,2,0,1,0,3,1,32,23,58,54,61%,39%,True
GOOD,GOOD,0,0,0,0,3,5,4,6,70,55,89,72,54%,46%,True
GOOD,GOOD,1,1,0,0,1,2,2,5,34,32,50,47,53%,47%,True
GOOD,GOOD,0,0,0,0,1,6,0,3,65,81,99,83,54%,46%,False
GOOD,GOOD,0,1,0,0,1,2,0,3,27,45,44,39,54%,46%,True
GOOD,GOOD,0,0,0,0,0,0,6,7,48,52,90,81,53%,47%,True
GOOD,GOOD,0,0,0,0,0,0,3,4,22,27,38,41,49%,51%,True
GOOD,GOOD,1,1,0,0,2,1,3,3,49,41,76,85,44%,56%,False
GOOD,GOOD,2,1,0,0,1,1,1,1,20,15,38,45,47%,53%,False
GOOD,GOOD,0,0,0,0,3,3,3,4,52,55,96,88,54%,46%,False
GOOD,GOOD,1,0,0,0,1,1,1,1,25,23,48,41,57%,43%,True
GOOD,GOOD,0,0,0,0,1,2,5,2,35,42,77,87,47%,53%,False
GOOD,GOOD,1,1,0,0,4,3,6,4,89,60,107,88,52%,48%,False
GOOD,GOOD,1,1,0,0,3,1,2,1,51,21,47,47,52%,48%,True
GOOD,GOOD,0,1,0,0,9,5,13,2,115,44,128,96,65%,35%,False
GOOD,GOOD,4,3,0,0,1,1,4,1,55,31,75,59,62%,38%,False
GOOD,GOOD,0,0,0,0,6,2,8,1,78,32,119,103,63%,37%,True
GOOD,GOOD,0,0,0,0,3,1,4,0,37,14,60,51,64%,36%,False
GOOD,GOOD,1,2,0,0,7,2,2,8,68,52,98,85,52%,48%,False
GOOD,GOOD,2,2,0,0,5,2,1,3,33,22,47,44,52%,48%,False
GOOD,GOOD,0,0,0,0,5,2,7,3,61,28,113,94,57%,43%,False
GOOD,GOOD,0,0,0,0,3,0,4,1,30,8,52,41,59%,41%,False
GOOD,GOOD,1,1,0,0,6,4,7,9,81,78,105,111,52%,48%,False
GOOD,GOOD,1,3,0,0,2,1,3,7,30,53,54,65,50%,50%,True
GOOD,GOOD,2,1,0,0,8,3,6,7,78,106,121,129,50%,50%,True
GOOD,GOOD,4,3,0,0,4,1,4,3,48,47,71,61,55%,45%,False
GOOD,GOOD,2,0,0,0,8,4,5,6,66,72,92,129,48%,52%,False
GOOD,GOOD,2,0,0,0,3,1,2,2,28,32,45,60,48%,52%,True
GOOD,GOOD,0,0,0,0,4,3,2,7,49,47,116,108,54%,46%,False
GOOD,GOOD,1,1,0,0,1,1,0,3,19,20,57,50,55%,45%,False
GOOD,GOOD,0,0,0,0,3,2,5,3,110,78,149,130,53%,47%,False
GOOD,GOOD,0,1,0,0,1,0,4,2,50,39,64,63,51%,49%,True
GOOD,GOOD,0,0,0,0,0,3,1,6,31,45,97,91,45%,55%,False
GOOD,GOOD,0,1,0,0,0,0,0,3,11,23,56,46,49%,51%,True
GOOD,GOOD,0,0,0,0,3,2,7,1,57,73,80,95,45%,55%,False
GOOD,GOOD,1,0,0,0,1,0,3,1,30,32,36,44,44%,56%,False
GOOD,GOOD,0,0,0,5,5,4,1,4,52,80,105,106,48%,52%,True
GOOD,GOOD,1,1,0,1,1,0,0,1,17,27,31,40,45%,55%,True
GOOD,GOOD,0,1,0,0,4,4,2,1,54,40,86,69,60%,40%,True
GOOD,GOOD,0,1,0,0,3,4,2,1,24,26,50,44,57%,43%,True
GOOD,GOOD,0,1,0,0,0,3,0,0,74,46,163,125,59%,41%,True
GOOD,GOOD,0,1,0,0,0,2,0,0,29,27,87,74,51%,49%,False
GOOD,GOOD,0,0,0,5,2,1,5,6,56,67,81,90,45%,55%,True
GOOD,GOOD,0,1,0,1,1,0,2,4,22,38,35,49,35%,65%,False
GOOD,GOOD,1,0,0,0,12,3,11,8,136,83,150,112,58%,42%,True
GOOD,GOOD,4,0,0,0,7,0,5,3,80,41,80,61,56%,44%,False
GOOD,GOOD,1,0,0,0,1,6,2,14,38,63,121,141,44%,56%,True
GOOD,GOOD,1,0,0,0,1,4,1,6,25,38,57,83,48%,52%,False
GOOD,GOOD,0,0,0,0,4,4,3,7,41,38,106,97,49%,51%,True
GOOD,GOOD,1,2,0,0,1,0,1,3,20,15,52,48,56%,44%,True
GOOD,GOOD,1,0,0,0,5,0,3,1,109,51,159,92,62%,38%,False
GOOD,GOOD,4,0,0,0,1,0,2,0,61,24,81,43,59%,41%,False
GOOD,GOOD,0,1,0,0,4,4,6,3,80,46,137,105,62%,38%,True
GOOD,GOOD,1,2,0,0,2,2,2,0,40,17,71,45,59%,41%,False
GOOD,GOOD,0,0,0,0,0,2,2,5,44,46,62,47,61%,39%,True
GOOD,GOOD,0,0,0,0,0,1,1,5,22,32,35,28,55%,45%,False
GOOD,GOOD,1,0,0,0,3,0,4,3,65,54,105,108,44%,56%,True
GOOD,GOOD,2,0,0,0,1,0,3,0,21,19,35,46,40%,60%,True
GOOD,GOOD,2,0,0,0,4,5,2,5,20,37,67,61,54%,46%,True
GOOD,GOOD,2,0,0,0,2,4,0,3,8,17,30,26,60%,40%,False
GOOD,GOOD,1,0,0,0,3,1,3,6,80,72,129,127,53%,47%,True
GOOD,GOOD,1,0,0,0,2,0,2,3,51,24,67,61,62%,38%,True
GOOD,GOOD,2,0,0,0,8,3,11,3,58,33,101,82,59%,41%,True
GOOD,GOOD,2,0,0,0,6,3,5,1,28,13,55,35,59%,41%,False
GOOD,GOOD,1,1,0,0,7,2,12,4,50,24,71,59,53%,47%,False
GOOD,GOOD,1,1,0,0,4,2,5,2,24,14,35,34,52%,48%,False
