time,league,pitch,weather,score_home,score_away,corners_home,corners_away,on_target_home,on_target_away,off_target_home,off_target_away,dang_attacks_home,dang_attacks_away,attacks_home,attacks_away,possession_home,possession_away,target
fh,Mali Premiere Division,GOOD,GOOD,0,0,1,0,9,4,12,18,78,57,142,127,51%,49%,False
lh,Mali Premiere Division,GOOD,GOOD,0,0,4,0,6,1,10,9,35,30,71,63,50%,50%,False
fh,Tanzania Premier Le...,GOOD,GOOD,1,0,0,0,9,4,12,2,83,44,103,87,61%,39%,False
lh,Tanzania Premier Le...,GOOD,GOOD,4,0,0,0,5,4,7,0,47,21,45,42,59%,41%,False
fh,Mali Premiere Division,GOOD,GOOD,0,1,0,0,1,2,1,2,64,46,102,94,49%,51%,False
lh,Mali Premiere Division,GOOD,GOOD,0,1,0,0,0,1,1,0,22,23,43,39,45%,55%,False
fh,Qatar U23 League,GOOD,GOOD,0,0,0,0,0,7,6,7,45,65,109,129,36%,64%,False
lh,Qatar U23 League,GOOD,GOOD,0,2,0,0,0,2,2,2,23,28,55,73,36%,64%,False
fh,Mali Premiere Division,GOOD,SUNNY,0,0,0,0,2,3,6,0,50,47,96,96,43%,57%,False
lh,Mali Premiere Division,GOOD,SUNNY,0,0,0,0,0,0,0,0,23,25,49,44,42%,58%,False
fh,Australia W-League,GOOD,GOOD,2,1,0,0,9,6,9,4,60,37,82,67,49%,51%,True
lh,Australia W-League,GOOD,GOOD,4,2,0,0,4,2,5,0,38,6,53,26,59%,41%,True
fh,India Delhi Senior ...,GOOD,GOOD,1,2,0,0,4,7,4,3,65,43,94,85,50%,50%,True
lh,India Delhi Senior ...,GOOD,GOOD,2,4,0,0,2,4,2,3,36,24,47,44,53%,47%,False
fh,Hong Kong Cup,GOOD,GOOD,0,1,0,0,4,10,1,14,46,81,72,90,42%,58%,True
lh,Hong Kong Cup,GOOD,GOOD,0,3,0,0,2,4,0,7,27,39,32,49,42%,58%,False
fh,Israel Youth League,GOOD,GOOD,2,0,0,0,13,3,9,6,51,45,113,102,51%,49%,False
lh,Israel Youth League,GOOD,GOOD,5,0,0,0,5,2,0,5,18,26,46,55,51%,49%,False
fh,Nepal Division 1,GOOD,GOOD,2,0,0,0,2,2,0,0,92,125,155,164,51%,49%,True
lh,Nepal Division 1,GOOD,GOOD,2,1,0,0,2,0,0,0,52,65,86,86,51%,49%,True
fh,China Super League,GOOD,GOOD,0,0,0,0,4,0,9,6,50,29,145,66,58%,42%,False
lh,China Super League,GOOD,GOOD,2,0,0,0,1,0,6,1,20,8,86,23,65%,35%,False
fh,China Super League,GOOD,GOOD,1,0,0,0,4,2,2,5,42,61,98,132,46%,54%,True
lh,China Super League,GOOD,GOOD,2,2,0,0,2,0,0,1,10,32,39,75,43%,57%,False
fh,Israel Youth League,GOOD,GOOD,0,0,0,0,4,2,4,7,32,39,68,62,44%,56%,False
lh,Israel Youth League,GOOD,GOOD,0,0,0,0,0,0,1,0,14,7,32,15,62%,38%,False
fh,Nepal Division 1,GOOD,GOOD,1,0,0,0,2,2,6,7,52,58,97,95,15%,85%,False
lh,Nepal Division 1,GOOD,GOOD,1,0,0,0,2,1,3,2,30,12,47,25,15%,85%,False
fh,Israel Youth League,GOOD,GOOD,1,5,0,0,11,9,7,4,79,51,111,96,51%,49%,True
lh,Israel Youth League,GOOD,GOOD,3,5,0,0,1,7,3,1,26,29,61,48,48%,52%,True
fh,Israel Youth League,GOOD,GOOD,0,1,0,0,9,3,9,3,82,44,103,76,64%,36%,True
lh,Israel Youth League,GOOD,GOOD,1,2,0,0,2,1,3,1,38,23,53,37,62%,38%,False
fh,Australia A-League,GOOD,GOOD,1,0,0,0,10,3,11,7,55,44,75,123,51%,49%,True
lh,Australia A-League,GOOD,GOOD,4,0,0,0,6,1,9,3,37,22,46,64,53%,47%,True
fh,COSAFA Cup,GOOD,GOOD,0,0,4,1,0,4,7,6,31,39,68,99,42%,58%,True
lh,COSAFA Cup,GOOD,GOOD,0,0,0,4,0,1,3,2,18,11,40,44,46%,54%,False
fh,Africa Cup of Nations,GOOD,GOOD,2,0,1,2,4,2,8,14,22,50,62,119,33%,67%,False
lh,Africa Cup of Nations,GOOD,GOOD,2,1,0,6,3,0,4,5,12,25,32,55,38%,62%,True
fh,Malta Premier League,GOOD,GOOD,0,2,0,0,12,9,8,3,70,38,121,71,62%,38%,True
lh,Malta Premier League,GOOD,GOOD,1,3,0,0,5,4,4,0,28,19,60,37,64%,36%,False
fh,Spain Segunda B Gro...,GOOD,GOOD,1,1,0,0,6,6,5,6,74,76,134,133,56%,44%,True
lh,Spain Segunda B Gro...,GOOD,GOOD,3,2,0,0,3,3,4,2,39,40,61,62,54%,46%,False
fh,Botswana Premier Le...,GOOD,GOOD,2,0,0,0,8,9,7,8,90,84,103,93,48%,52%,False
lh,Botswana Premier Le...,GOOD,GOOD,2,2,0,0,3,4,2,7,33,37,47,39,48%,52%,False
fh,Italy Serie A,GOOD,GOOD,0,0,1,0,3,3,9,10,67,36,200,129,65%,35%,False
lh,Italy Serie A,GOOD,GOOD,0,0,3,4,2,0,1,4,24,10,83,45,65%,35%,True
fh,Italy Serie C Group B,GOOD,GOOD,1,1,2,2,5,5,11,3,55,54,99,105,46%,54%,True
lh,Italy Serie C Group B,GOOD,GOOD,3,3,5,3,3,2,6,1,26,23,45,51,46%,54%,True
fh,Tipsport Liga,GOOD,GOOD,0,0,0,0,5,2,5,4,95,43,121,81,64%,36%,False
lh,Tipsport Liga,GOOD,GOOD,1,1,0,0,3,0,2,3,53,14,62,38,70%,30%,True
fh,Turkey Super Lig,GOOD,GOOD,0,1,0,3,4,4,5,8,66,59,110,94,46%,54%,False
lh,Turkey Super Lig,GOOD,GOOD,0,1,0,1,1,3,2,4,21,31,41,44,39%,61%,True
fh,Cyprus Division 1,GOOD,GOOD,0,0,0,0,4,1,16,5,73,20,122,74,68%,32%,False
lh,Cyprus Division 1,GOOD,GOOD,1,1,0,1,1,0,6,4,32,8,67,30,65%,35%,False
fh,Turkey Super Lig,GOOD,GOOD,0,0,6,0,8,6,10,6,68,58,84,57,54%,46%,True
lh,Turkey Super Lig,GOOD,GOOD,1,0,2,0,4,1,4,6,38,27,41,22,54%,46%,False
fh,Europe Friendlies,GOOD,GOOD,1,2,0,0,5,3,3,8,40,47,63,79,38%,62%,False
lh,Europe Friendlies,GOOD,GOOD,3,3,0,0,3,2,2,3,21,16,33,27,44%,56%,False
fh,Germany Bundesliga II,GOOD,GOOD,0,0,4,4,4,4,18,11,98,62,166,125,51%,49%,True
lh,Germany Bundesliga II,GOOD,GOOD,0,0,0,8,0,0,7,8,33,17,54,53,51%,49%,True
fh,Germany 3.Liga,GOOD,GOOD,0,0,0,1,4,7,10,12,46,56,102,101,46%,54%,True
lh,Germany 3.Liga,GOOD,GOOD,0,1,0,3,1,1,6,5,27,20,45,51,38%,62%,False
fh,Europe Friendlies,GOOD,GOOD,1,1,0,0,5,5,6,4,38,39,82,92,45%,55%,True
lh,Europe Friendlies,GOOD,GOOD,1,1,0,0,4,3,5,1,26,20,49,45,48%,52%,True
fh,Kuwait Division 1,GOOD,GOOD,0,1,0,0,1,4,5,4,82,40,121,99,53%,47%,False
lh,Kuwait Division 1,GOOD,GOOD,0,1,0,0,1,2,1,3,25,25,52,47,53%,47%,False
fh,Portugal Liga 3,GOOD,GOOD,1,0,0,1,1,4,5,7,45,66,120,146,47%,53%,True
lh,Portugal Liga 3,GOOD,GOOD,1,0,0,6,1,1,4,4,26,19,69,58,57%,43%,True
fh,Italy Serie C Group A,GOOD,GOOD,0,0,4,0,5,2,4,8,58,83,81,80,46%,54%,True
lh,Italy Serie C Group A,GOOD,GOOD,0,0,1,0,5,2,3,3,35,32,46,36,54%,46%,True
fh,Israel Premier League,GOOD,GOOD,1,0,0,0,3,2,5,4,56,87,94,151,38%,62%,False
lh,Israel Premier League,GOOD,GOOD,2,0,0,0,2,1,2,3,28,36,46,72,40%,60%,True
fh,Turkey Super Lig,GOOD,GOOD,0,1,0,2,9,4,8,0,80,35,104,75,68%,32%,False
lh,Turkey Super Lig,GOOD,GOOD,1,2,0,0,1,2,1,0,35,21,59,39,65%,35%,True
fh,Spain Tercera Group 5,GOOD,GOOD,0,0,0,0,3,6,4,7,41,52,87,87,48%,52%,False
lh,Spain Tercera Group 5,GOOD,GOOD,2,0,0,0,0,1,3,2,25,28,44,45,50%,50%,True
fh,Spain Tercera Group 4,GOOD,GOOD,0,2,2,1,2,3,7,4,33,38,62,63,58%,42%,True
lh,Spain Tercera Group 4,GOOD,GOOD,1,2,4,1,0,3,2,1,15,21,31,31,54%,46%,False
fh,Spain Primera Divis...,GOOD,GOOD,1,0,0,0,6,6,7,2,75,86,95,120,42%,58%,False
lh,Spain Primera Divis...,GOOD,GOOD,2,0,0,0,2,2,4,2,33,37,53,63,44%,56%,True
fh,Spain Tercera Group 11,GOOD,GOOD,0,1,0,3,9,7,10,8,43,35,82,82,51%,49%,False
lh,Spain Tercera Group 11,GOOD,GOOD,1,1,0,2,6,3,6,4,21,17,40,36,57%,43%,False
fh,Spain Tercera Group 11,GOOD,GOOD,2,0,2,0,14,1,2,7,42,38,79,81,52%,48%,False
lh,Spain Tercera Group 11,GOOD,GOOD,4,0,2,0,6,0,1,2,20,16,40,38,54%,46%,True
fh,Spain Tercera Group 10,GOOD,GOOD,0,1,0,0,8,5,4,2,79,35,97,89,44%,56%,True
lh,Spain Tercera Group 10,GOOD,GOOD,1,1,0,0,3,3,1,0,28,17,44,37,40%,60%,True
fh,Mexico Liga TDP,GOOD,GOOD,1,2,0,0,3,6,11,9,32,56,61,83,33%,67%,True
lh,Mexico Liga TDP,GOOD,GOOD,1,3,0,0,2,2,7,1,13,22,26,40,31%,69%,False
fh,Turkey 1 Lig,GOOD,GOOD,0,0,6,1,5,2,7,0,83,34,69,63,63%,37%,True
lh,Turkey 1 Lig,GOOD,GOOD,2,1,6,1,1,0,4,0,47,18,39,33,66%,34%,True
fh,Spain Youth League,GOOD,GOOD,1,0,0,0,4,3,7,3,33,21,78,73,60%,40%,True
lh,Spain Youth League,GOOD,GOOD,1,0,0,0,1,2,3,1,13,7,34,36,67%,33%,False
fh,Gambia GFA League,GOOD,GOOD,0,2,0,0,4,5,14,4,92,41,101,103,50%,50%,False
lh,Gambia GFA League,GOOD,GOOD,1,3,0,0,2,3,6,2,37,27,45,48,43%,57%,True
fh,Spain Youth League,GOOD,GOOD,0,0,0,0,2,4,4,6,46,52,88,112,47%,53%,False
lh,Spain Youth League,GOOD,GOOD,0,1,0,0,1,2,2,2,25,22,46,51,49%,51%,True
fh,Qatar Stars League,GOOD,GOOD,1,2,0,1,7,5,3,8,38,49,94,102,42%,58%,False
lh,Qatar Stars League,GOOD,GOOD,2,4,0,1,4,3,1,4,17,26,49,51,46%,54%,False
fh,Mali Premiere Division,GOOD,GOOD,0,1,0,0,2,4,4,8,64,62,104,113,49%,51%,True
lh,Mali Premiere Division,GOOD,GOOD,0,1,0,0,0,2,2,3,28,25,40,52,47%,53%,True
fh,Spain Tercera Group 12,GOOD,GOOD,1,0,0,0,6,4,4,8,49,47,87,81,52%,48%,True
lh,Spain Tercera Group 12,GOOD,GOOD,2,0,0,0,4,1,2,1,25,23,42,43,49%,51%,False
fh,Estonia Esiliiga B,GOOD,GOOD,0,2,0,0,0,13,1,9,43,74,61,107,24%,76%,True
lh,Estonia Esiliiga B,GOOD,GOOD,0,3,0,0,0,9,1,5,17,37,27,58,22%,78%,False
fh,France National 2,GOOD,GOOD,1,2,0,0,7,3,6,3,30,14,111,56,61%,39%,False
lh,France National 2,GOOD,GOOD,1,2,0,0,4,2,3,1,11,8,53,28,55%,45%,True
fh,Malta Premier League,GOOD,GOOD,1,0,0,0,7,2,3,5,58,74,88,106,44%,56%,True
lh,Malta Premier League,GOOD,GOOD,1,0,0,0,4,0,0,3,30,23,39,47,49%,51%,True
fh,France National 2,GOOD,GOOD,0,2,0,5,5,6,6,4,65,58,105,71,57%,43%,True
lh,France National 2,GOOD,GOOD,0,5,0,2,2,2,5,1,35,24,57,35,62%,38%,False
fh,France National 2,GOOD,GOOD,0,0,1,0,4,3,6,6,56,49,102,88,48%,52%,False
lh,France National 2,GOOD,GOOD,1,0,0,0,2,3,3,4,28,25,55,48,48%,52%,True
fh,France National 2,GOOD,GOOD,1,1,1,2,4,5,8,5,22,39,65,90,47%,53%,False
lh,France National 2,GOOD,GOOD,1,1,2,6,3,3,0,2,9,18,31,42,45%,55%,True
fh,France National 2,GOOD,GOOD,0,1,0,0,5,2,4,3,70,30,127,93,61%,39%,False
lh,France National 2,GOOD,GOOD,2,1,0,0,0,2,2,2,33,16,68,52,60%,40%,False
fh,Europe Friendlies,GOOD,GOOD,0,0,0,0,1,6,6,10,49,82,86,127,43%,57%,True
lh,Europe Friendlies,GOOD,GOOD,0,2,0,0,0,1,2,5,27,48,46,69,43%,57%,False
fh,France National 2,GOOD,GOOD,2,0,0,0,9,2,5,7,45,50,107,114,51%,49%,False
lh,France National 2,GOOD,GOOD,2,0,0,0,8,2,3,4,16,28,54,52,47%,53%,True
fh,Portugal Liga 3,GOOD,GOOD,2,0,0,0,3,3,7,3,68,46,150,80,63%,37%,True
lh,Portugal Liga 3,GOOD,GOOD,2,1,0,0,3,1,4,0,36,22,73,38,57%,43%,True
fh,Spain Primera Nacio...,GOOD,GOOD,0,1,0,0,2,6,5,4,38,30,58,43,48%,52%,True
lh,Spain Primera Nacio...,GOOD,GOOD,1,4,0,0,1,1,2,0,22,15,28,23,49%,51%,False
fh,France National 2,GOOD,GOOD,0,0,0,1,2,1,7,5,56,45,89,96,53%,47%,False
lh,France National 2,GOOD,GOOD,1,0,0,2,1,0,5,1,35,12,43,41,59%,41%,True
fh,France National 2,GOOD,GOOD,1,0,2,0,7,3,7,12,64,53,88,88,47%,53%,False
lh,France National 2,GOOD,GOOD,1,1,3,0,4,1,4,4,27,22,41,41,49%,51%,False
fh,France National 2,GOOD,GOOD,1,0,0,0,9,5,6,3,50,39,111,84,54%,46%,True
lh,France National 2,GOOD,GOOD,1,0,0,0,8,1,1,0,25,11,55,32,60%,40%,False
fh,Spain Youth League,GOOD,GOOD,1,0,0,0,6,6,4,6,53,34,95,71,71%,29%,False
lh,Spain Youth League,GOOD,GOOD,2,2,0,0,4,3,0,5,26,17,43,31,72%,28%,False
fh,Spain Youth League,GOOD,GOOD,0,1,0,0,4,8,2,7,31,39,77,93,33%,67%,False
lh,Spain Youth League,GOOD,GOOD,1,3,0,0,2,4,1,4,13,22,35,48,29%,71%,False
fh,France National 2,GOOD,GOOD,0,0,1,0,6,3,7,2,50,38,109,98,52%,48%,False
lh,France National 2,GOOD,GOOD,0,0,1,0,3,2,3,1,16,20,46,51,44%,56%,False
fh,Spain Segunda Divis...,GOOD,GOOD,0,0,6,0,3,2,4,4,34,45,85,97,50%,50%,True
lh,Spain Segunda Divis...,GOOD,GOOD,0,1,0,0,1,0,2,2,14,24,36,52,50%,50%,False
fh,Cyprus Division 1,GOOD,GOOD,0,0,0,0,4,6,7,9,53,45,94,81,51%,49%,True
lh,Cyprus Division 1,GOOD,GOOD,1,0,0,0,2,2,4,4,26,16,45,39,53%,47%,True
fh,France National 2,GOOD,GOOD,1,0,1,0,7,5,5,4,49,46,91,80,61%,39%,False
lh,France National 2,GOOD,GOOD,1,1,0,0,6,1,4,0,25,23,45,40,60%,40%,False
fh,Italy Serie A,GOOD,GOOD,1,1,0,0,11,3,11,0,101,14,169,66,70%,30%,False
lh,Italy Serie A,GOOD,GOOD,2,1,0,0,4,2,8,0,47,4,83,30,72%,28%,True
fh,Mexico Segunda Divi...,GOOD,GOOD,0,0,0,0,2,5,1,4,54,55,94,99,51%,49%,False
lh,Mexico Segunda Divi...,GOOD,GOOD,0,1,0,0,2,1,1,3,25,32,42,59,45%,55%,True
fh,Spain Segunda Divis...,GOOD,GOOD,0,0,0,0,6,1,6,1,50,33,109,82,59%,41%,False
lh,Spain Segunda Divis...,GOOD,GOOD,1,0,0,1,1,1,6,1,29,16,62,39,63%,37%,False
fh,Spain Segunda Divis...,GOOD,GOOD,2,0,2,0,7,3,8,4,88,69,139,107,59%,41%,True
lh,Spain Segunda Divis...,GOOD,GOOD,4,0,5,0,3,0,4,3,34,34,65,60,51%,49%,True
fh,Spain Segunda Divis...,GOOD,GOOD,0,0,3,0,2,5,8,0,78,93,109,132,50%,50%,True
lh,Spain Segunda Divis...,GOOD,GOOD,1,1,3,0,1,1,5,0,44,46,50,70,49%,51%,False
fh,Spain Tercera Group 6,GOOD,GOOD,0,0,0,0,5,2,6,6,57,43,96,107,44%,56%,False
lh,Spain Tercera Group 6,GOOD,GOOD,1,0,0,0,2,0,3,1,29,23,46,57,42%,58%,False
fh,Africa Cup of Nations,GOOD,GOOD,1,0,0,6,8,5,9,14,51,86,98,120,48%,52%,False
lh,Africa Cup of Nations,GOOD,GOOD,1,1,0,4,1,3,2,6,8,40,30,50,46%,54%,True
fh,Scotland Premier Le...,GOOD,GOOD,0,1,0,0,5,2,5,2,101,79,110,114,51%,49%,True
lh,Scotland Premier Le...,GOOD,GOOD,2,1,0,0,2,2,3,1,50,44,60,63,55%,45%,False
fh,Spain Primera Nacio...,GOOD,GOOD,4,0,0,0,12,1,7,1,61,19,95,60,69%,31%,False
lh,Spain Primera Nacio...,GOOD,GOOD,6,0,0,0,7,1,3,0,35,9,47,33,65%,35%,False
fh,Spain Tercera Group 4,GOOD,GOOD,2,0,4,0,4,5,7,6,35,39,73,79,43%,57%,False
lh,Spain Tercera Group 4,GOOD,GOOD,2,2,3,0,3,1,3,3,16,16,35,37,49%,51%,False
fh,Spain Segunda Divis...,GOOD,GOOD,1,0,0,0,3,4,6,5,31,43,70,83,45%,55%,False
lh,Spain Segunda Divis...,GOOD,GOOD,1,1,0,0,1,0,1,3,15,22,35,36,47%,53%,False
fh,Spain Tercera Group 3,GOOD,GOOD,0,1,0,0,8,1,14,3,50,16,93,65,65%,35%,True
lh,Spain Tercera Group 3,GOOD,GOOD,1,1,0,0,4,1,3,2,22,11,46,42,57%,43%,False
fh,Spain Youth League,GOOD,GOOD,2,0,0,0,3,4,8,2,73,27,140,65,73%,27%,False
lh,Spain Youth League,GOOD,GOOD,2,2,0,0,2,0,4,0,38,10,76,30,75%,25%,True
fh,Turkey Super Lig,GOOD,GOOD,1,0,3,4,5,6,8,9,50,52,54,82,52%,48%,True
lh,Turkey Super Lig,GOOD,GOOD,1,2,1,4,4,1,5,4,27,23,26,40,57%,43%,True
fh,France Ligue 1,GOOD,GOOD,2,1,4,4,7,8,7,10,37,83,82,146,38%,62%,True
lh,France Ligue 1,GOOD,GOOD,3,2,1,6,3,4,4,6,16,36,30,61,40%,60%,False
fh,Portugal Campeonato...,GOOD,GOOD,1,0,0,0,4,4,5,6,57,52,65,65,53%,47%,True
lh,Portugal Campeonato...,GOOD,GOOD,1,2,0,0,3,1,1,1,23,30,35,28,59%,41%,True
fh,Mali Premiere Division,GOOD,GOOD,0,0,0,0,3,5,6,2,80,56,97,87,57%,43%,False
lh,Mali Premiere Division,GOOD,GOOD,0,1,0,0,1,2,3,2,31,31,43,39,58%,42%,False
fh,Italy Serie C Group C,GOOD,GOOD,0,1,0,0,3,1,11,4,75,58,124,99,57%,43%,False
lh,Italy Serie C Group C,GOOD,GOOD,3,1,0,0,0,1,6,1,36,20,58,36,61%,39%,False
fh,Italy Serie C Group C,GOOD,GOOD,0,0,1,0,2,3,4,7,52,51,81,109,42%,58%,True
lh,Italy Serie C Group C,GOOD,GOOD,0,0,2,0,1,1,4,3,32,23,46,53,46%,54%,True
fh,England EFL Cup,GOOD,GOOD,0,0,7,0,7,3,8,3,51,14,135,84,62%,38%,True
lh,England EFL Cup,GOOD,GOOD,2,0,3,3,1,1,6,1,36,3,84,30,69%,31%,False
fh,Italy Serie C Group C,GOOD,GOOD,1,2,2,2,4,3,5,3,84,40,108,56,60%,40%,True
lh,Italy Serie C Group C,GOOD,GOOD,3,3,6,1,2,2,3,1,30,30,46,24,56%,44%,True
fh,Italy Serie C Group C,GOOD,GOOD,3,0,0,0,6,7,5,4,58,55,98,69,56%,44%,True
lh,Italy Serie C Group C,GOOD,GOOD,5,1,0,0,4,2,4,1,33,18,50,31,64%,36%,False
fh,Italy Serie C Group C,GOOD,GOOD,0,0,0,0,2,2,2,7,58,60,83,75,52%,48%,False
lh,Italy Serie C Group C,GOOD,GOOD,0,1,0,0,0,0,0,6,18,40,41,50,40%,60%,True
fh,Italy Serie C Group C,GOOD,GOOD,1,0,1,3,3,2,9,5,57,28,100,94,56%,44%,False
lh,Italy Serie C Group C,GOOD,GOOD,1,1,4,3,2,0,5,4,28,15,48,52,46%,54%,False
fh,Italy Serie C Group C,GOOD,GOOD,1,1,7,0,7,3,6,6,110,55,139,77,62%,38%,True
lh,Italy Serie C Group C,GOOD,GOOD,2,2,2,0,6,1,4,4,47,22,55,32,57%,43%,True
fh,Germany Bundesliga I,GOOD,GOOD,0,2,0,0,2,19,3,12,16,67,45,192,30%,70%,False
lh,Germany Bundesliga I,GOOD,GOOD,1,4,0,0,1,10,1,7,7,36,21,111,28%,72%,False
fh,Spain Tercera Group 4,GOOD,GOOD,1,0,0,0,2,3,3,4,55,78,126,173,38%,62%,False
lh,Spain Tercera Group 4,GOOD,GOOD,1,0,0,0,1,3,2,1,18,47,57,78,35%,65%,True
fh,Spain Tercera Group 9,GOOD,GOOD,2,0,0,0,10,3,7,9,34,37,89,87,52%,48%,True
lh,Spain Tercera Group 9,GOOD,GOOD,2,0,0,0,6,0,5,6,19,20,44,41,58%,42%,True
fh,Spain Segunda Divis...,GOOD,GOOD,1,0,0,2,9,5,6,3,33,30,69,74,48%,52%,True
lh,Spain Segunda Divis...,GOOD,GOOD,5,0,0,0,3,5,5,2,18,16,37,44,42%,58%,False
fh,Italy Serie A,GOOD,GOOD,0,4,1,2,6,7,9,6,49,24,128,67,58%,42%,True
lh,Italy Serie A,GOOD,GOOD,2,4,1,1,0,6,2,4,14,14,52,33,45%,55%,False
fh,Malta Premier League,GOOD,GOOD,1,0,0,2,4,3,2,12,27,67,102,137,39%,61%,True
lh,Malta Premier League,GOOD,GOOD,1,0,1,2,3,1,2,7,17,25,53,68,42%,58%,True
fh,Guatemala Liga Naci...,GOOD,GOOD,2,0,0,0,8,6,6,8,55,49,81,80,53%,47%,True
lh,Guatemala Liga Naci...,GOOD,GOOD,2,0,0,0,3,3,2,3,23,22,41,40,51%,49%,False
fh,Guatemala Liga Naci...,GOOD,GOOD,0,0,0,0,2,2,2,1,65,37,55,46,61%,39%,True
lh,Guatemala Liga Naci...,GOOD,GOOD,1,0,0,0,0,2,1,0,32,15,26,24,59%,41%,False
fh,Mexico U20 League,GOOD,GOOD,0,3,0,0,6,6,8,5,62,47,117,73,62%,38%,True
lh,Mexico U20 League,GOOD,GOOD,0,3,0,0,3,4,3,1,31,26,55,38,63%,37%,False
fh,Spain Segunda,GOOD,GOOD,0,1,3,2,9,3,9,10,60,40,109,114,54%,46%,False
lh,Spain Segunda,GOOD,GOOD,1,2,2,3,3,2,3,2,32,18,58,64,54%,46%,True
fh,Spain Segunda,GOOD,GOOD,0,0,1,1,9,6,7,7,34,34,84,99,60%,40%,False
lh,Spain Segunda,GOOD,GOOD,1,1,1,0,4,1,5,4,14,10,41,52,65%,35%,False
fh,Greece Super League,GOOD,GOOD,1,0,4,0,4,0,6,4,63,18,154,41,68%,32%,True
lh,Greece Super League,GOOD,GOOD,2,0,2,1,1,0,4,2,39,7,85,18,67%,33%,False
fh,Belgium First Divis...,GOOD,GOOD,0,1,0,0,0,5,5,4,51,37,110,113,49%,51%,True
lh,Belgium First Divis...,GOOD,GOOD,0,1,0,4,0,1,3,1,26,11,68,51,48%,52%,True
fh,Spain Tercera Group 2,GOOD,GOOD,2,0,2,2,7,4,6,10,28,42,84,108,43%,57%,True
lh,Spain Tercera Group 2,GOOD,GOOD,2,0,0,2,5,3,2,4,15,18,37,51,41%,59%,False
fh,Spain Primera Liga,GOOD,GOOD,0,1,0,0,3,4,27,6,88,37,134,86,67%,33%,True
lh,Spain Primera Liga,GOOD,GOOD,0,1,0,0,1,2,8,1,31,17,57,43,64%,36%,True
fh,Spain Primera Liga,GOOD,GOOD,0,0,0,1,1,3,8,7,53,26,113,88,71%,29%,False
lh,Spain Primera Liga,GOOD,GOOD,0,0,0,1,1,1,4,2,21,7,63,46,68%,32%,True
fh,Italy Serie B,GOOD,GOOD,1,1,1,3,3,1,12,7,57,23,117,87,61%,39%,True
lh,Italy Serie B,GOOD,GOOD,2,1,9,2,1,1,5,5,18,15,64,37,64%,36%,True
fh,Portugal Segunda Liga,GOOD,GOOD,0,0,0,1,1,1,6,6,76,63,128,101,56%,44%,False
lh,Portugal Segunda Liga,GOOD,GOOD,1,0,0,5,0,0,1,1,35,24,74,52,59%,41%,True
fh,Guatemala Primera D...,GOOD,GOOD,1,0,0,0,7,8,5,7,38,43,71,73,46%,54%,True
lh,Guatemala Primera D...,GOOD,GOOD,2,1,0,0,2,4,3,5,17,19,36,38,46%,54%,True
fh,Campeonato Alagoano,GOOD,GOOD,0,1,1,0,1,8,3,4,28,37,80,76,48%,52%,False
lh,Campeonato Alagoano,GOOD,GOOD,0,3,0,0,1,5,2,1,13,16,40,34,49%,51%,False
fh,Africa Cup of Nations,GOOD,GOOD,0,0,2,2,2,3,17,8,49,18,95,66,50%,50%,False
lh,Africa Cup of Nations,GOOD,GOOD,0,1,4,0,1,1,4,3,15,12,38,33,48%,52%,True
fh,England Premier Lea...,GOOD,GOOD,1,1,0,0,3,4,6,4,39,55,44,43,51%,49%,False
lh,England Premier Lea...,GOOD,GOOD,1,2,0,0,1,1,5,0,26,21,21,27,48%,52%,True
fh,Cyprus Division 1,GOOD,GOOD,0,0,0,0,4,3,6,10,67,69,107,90,57%,43%,True
lh,Cyprus Division 1,GOOD,GOOD,1,1,0,0,3,0,3,4,31,36,58,44,55%,45%,True
fh,Israel Leumit Liga,GOOD,GOOD,1,0,0,0,4,2,3,5,72,116,128,180,38%,62%,False
lh,Israel Leumit Liga,GOOD,GOOD,2,0,0,0,2,1,2,2,36,45,64,69,41%,59%,True
fh,Israel Leumit Liga,GOOD,GOOD,1,1,0,0,1,2,7,3,100,63,147,108,61%,39%,False
lh,Israel Leumit Liga,GOOD,GOOD,1,2,0,0,1,1,3,1,47,28,66,50,58%,42%,False
fh,Greece Super League,GOOD,GOOD,0,0,0,0,7,2,12,8,36,21,98,81,57%,43%,False
lh,Greece Super League,GOOD,GOOD,1,0,0,0,1,1,1,4,14,5,52,39,58%,42%,False
fh,Jamaica Premier League,GOOD,GOOD,0,2,4,1,6,5,2,13,41,48,70,79,44%,56%,True
lh,Jamaica Premier League,GOOD,GOOD,0,3,2,3,2,2,2,3,22,18,36,34,52%,48%,False
fh,Brazil Campeonato C...,GOOD,GOOD,1,2,2,2,3,5,14,1,45,32,103,86,62%,38%,True
lh,Brazil Campeonato C...,GOOD,GOOD,2,3,1,2,1,2,7,1,18,15,54,42,61%,39%,False
fh,Romania Liga I,GOOD,GOOD,3,0,0,0,10,6,5,11,63,72,101,106,45%,55%,True
lh,Romania Liga I,GOOD,GOOD,3,2,0,0,7,1,1,6,27,31,50,55,46%,54%,True
fh,Belgium Reserve League,GOOD,GOOD,0,0,0,0,5,2,1,2,72,52,82,69,63%,37%,False
lh,Belgium Reserve League,GOOD,GOOD,0,1,0,0,1,1,1,2,36,26,36,39,59%,41%,False
fh,Belgium Reserve League,GOOD,GOOD,1,2,0,0,4,8,3,6,37,92,81,129,40%,60%,False
lh,Belgium Reserve League,GOOD,GOOD,1,4,0,0,3,3,2,4,16,57,39,70,37%,63%,False
fh,Belgium Reserve League,GOOD,GOOD,1,1,0,0,4,2,11,2,78,34,123,81,66%,34%,True
lh,Belgium Reserve League,GOOD,GOOD,3,1,0,0,2,1,4,1,38,16,56,39,63%,37%,True
fh,Belgium Reserve League,GOOD,GOOD,0,2,0,0,4,5,3,2,35,33,81,79,56%,44%,True
lh,Belgium Reserve League,GOOD,GOOD,1,4,0,0,2,2,1,1,16,14,44,38,54%,46%,False
fh,Belgium Reserve League,GOOD,GOOD,0,3,0,0,2,4,6,5,35,36,63,60,50%,50%,False
lh,Belgium Reserve League,GOOD,GOOD,0,3,0,0,0,3,4,3,12,20,23,35,44%,56%,False
fh,Brazil U20 League,GOOD,GOOD,0,1,0,0,1,3,9,7,40,41,113,98,44%,56%,False
lh,Brazil U20 League,GOOD,GOOD,0,2,0,0,0,1,6,4,18,27,48,47,41%,59%,False
fh,Albania Cup,GOOD,GOOD,0,0,0,0,2,6,9,5,57,44,126,117,53%,47%,True
lh,Albania Cup,GOOD,GOOD,0,1,0,0,0,3,3,1,24,19,72,60,52%,48%,False
fh,Belgium Reserve League,GOOD,GOOD,1,0,0,0,7,2,9,4,29,23,72,56,62%,38%,False
lh,Belgium Reserve League,GOOD,GOOD,2,0,0,0,6,2,3,1,16,9,39,24,69%,31%,True
fh,England Premier Lea...,GOOD,GOOD,1,1,0,0,2,5,7,6,56,51,48,35,56%,44%,True
lh,England Premier Lea...,GOOD,GOOD,1,2,0,0,1,3,3,3,26,31,19,20,54%,46%,True
fh,England Premier Lea...,GOOD,GOOD,3,0,0,0,8,1,3,6,39,44,50,52,39%,61%,False
lh,England Premier Lea...,GOOD,GOOD,4,0,0,0,5,0,2,1,20,19,27,27,38%,62%,False
fh,England Premier Lea...,GOOD,GOOD,0,1,0,0,3,6,6,4,78,80,117,97,64%,36%,False
lh,England Premier Lea...,GOOD,GOOD,0,1,0,0,1,3,3,2,28,47,54,52,60%,40%,True
fh,Belgium Reserve League,GOOD,GOOD,1,0,0,0,5,2,8,2,51,47,146,121,59%,41%,False
lh,Belgium Reserve League,GOOD,GOOD,2,0,0,0,1,1,6,0,22,25,68,60,55%,45%,True
fh,England Premier Lea...,GOOD,GOOD,1,0,0,0,6,5,5,5,34,62,73,111,32%,68%,False
lh,England Premier Lea...,GOOD,GOOD,1,0,0,0,2,4,0,4,17,27,38,56,31%,69%,True
fh,Holland Eerste Divisie,GOOD,GOOD,0,0,0,0,3,3,10,6,64,59,118,104,47%,53%,True
lh,Holland Eerste Divisie,GOOD,GOOD,1,0,0,0,2,1,6,3,31,32,56,55,45%,55%,True
fh,England Premier Lea...,GOOD,GOOD,0,0,0,0,2,4,0,6,20,40,53,85,47%,53%,False
lh,England Premier Lea...,GOOD,GOOD,0,1,0,0,2,0,0,2,14,12,28,43,49%,51%,True
fh,African Nations Cup...,GOOD,GOOD,1,0,4,0,6,7,13,6,54,15,144,46,63%,37%,True
lh,African Nations Cup...,GOOD,GOOD,2,1,2,1,1,3,6,1,21,7,69,26,57%,43%,True
fh,Costa Rica U20 League,GOOD,GOOD,1,1,0,0,1,4,1,0,56,44,111,108,53%,47%,True
lh,Costa Rica U20 League,GOOD,GOOD,1,1,0,0,1,1,1,0,32,25,56,49,51%,49%,True
fh,England Premier Lea...,GOOD,GOOD,0,0,0,0,3,5,10,7,44,60,50,83,34%,66%,True
lh,England Premier Lea...,GOOD,GOOD,0,1,0,0,0,2,4,5,12,40,23,53,26%,74%,True
fh,Belgium Reserve League,GOOD,GOOD,0,1,0,0,3,11,8,9,40,35,80,72,56%,44%,True
lh,Belgium Reserve League,GOOD,GOOD,1,1,0,0,0,5,4,4,14,18,35,39,50%,50%,True
fh,Belgium Reserve League,GOOD,GOOD,0,2,0,0,2,6,7,4,55,92,115,115,54%,46%,True
lh,Belgium Reserve League,GOOD,GOOD,0,4,0,0,1,2,2,3,15,65,41,70,46%,54%,False
fh,France Ligue 2,GOOD,GOOD,0,0,2,0,4,1,2,5,50,56,93,93,45%,55%,True
lh,France Ligue 2,GOOD,GOOD,2,0,0,0,1,0,1,3,32,19,49,48,44%,56%,False
fh,France National,GOOD,GOOD,0,0,1,0,0,0,5,5,60,57,111,107,40%,60%,True
lh,France National,GOOD,GOOD,0,0,1,2,0,0,4,3,30,27,59,44,43%,57%,True
fh,Northern Ireland Re...,GOOD,GOOD,1,1,0,0,9,13,8,3,56,45,107,82,55%,45%,True
lh,Northern Ireland Re...,GOOD,GOOD,5,2,0,0,4,7,8,2,32,18,56,37,60%,40%,False
fh,England Championship,GOOD,GOOD,0,0,3,4,3,0,10,9,27,50,66,123,32%,68%,True
lh,England Championship,GOOD,GOOD,1,0,3,3,2,0,8,1,21,17,44,48,35%,65%,False
fh,Northern League Div...,GOOD,GOOD,0,1,0,2,1,8,7,1,40,27,65,57,52%,48%,False
lh,Northern League Div...,GOOD,GOOD,0,5,0,2,1,2,6,0,25,13,35,32,49%,51%,False
fh,Northern Ireland Re...,GOOD,GOOD,0,0,0,0,4,4,8,2,39,29,97,87,63%,37%,False
lh,Northern Ireland Re...,GOOD,GOOD,0,1,0,0,1,0,3,1,18,14,49,46,60%,40%,True
fh,Northern Ireland Re...,GOOD,GOOD,0,1,0,0,5,7,1,7,70,68,112,119,44%,56%,True
lh,Northern Ireland Re...,GOOD,GOOD,0,4,0,0,3,2,0,3,36,34,55,49,48%,52%,False
fh,Colombia Primera B,GOOD,GOOD,0,1,1,1,2,1,4,6,31,14,93,87,58%,42%,False
lh,Colombia Primera B,GOOD,GOOD,0,1,2,0,2,1,3,5,15,12,48,50,50%,50%,True
fh,Northern Ireland Re...,GOOD,GOOD,0,0,0,0,4,3,4,4,42,47,113,115,60%,40%,True
lh,Northern Ireland Re...,GOOD,GOOD,1,0,0,0,2,1,3,4,27,15,55,51,64%,36%,False
fh,Spain Segunda,GOOD,GOOD,0,0,0,0,4,7,9,8,43,44,122,101,44%,56%,False
lh,Spain Segunda,GOOD,GOOD,1,2,0,0,1,1,4,4,24,15,60,46,49%,51%,False
fh,Italy Serie C Cup,GOOD,GOOD,0,0,2,2,1,3,2,6,57,71,107,126,52%,48%,False
lh,Italy Serie C Cup,GOOD,GOOD,0,0,5,2,1,1,0,3,26,38,45,71,45%,55%,True
fh,Spain Segunda,GOOD,GOOD,0,1,3,2,6,2,17,7,72,18,136,81,68%,32%,False
lh,Spain Segunda,GOOD,GOOD,0,2,9,0,3,1,8,6,35,13,63,42,66%,34%,False
fh,Portugal Segunda Liga,GOOD,GOOD,1,0,3,5,6,5,6,11,56,108,129,169,39%,61%,False
lh,Portugal Segunda Liga,GOOD,GOOD,1,1,1,5,4,1,3,3,36,45,69,81,44%,56%,True
fh,Jamaica Premier League,GOOD,GOOD,2,0,0,0,6,3,7,6,55,58,100,92,55%,45%,False
lh,Jamaica Premier League,GOOD,GOOD,3,0,0,0,5,0,4,2,25,27,53,48,59%,41%,True
fh,Argentina Torneo Re...,GOOD,GOOD,0,0,0,0,2,8,6,5,36,54,68,77,42%,58%,False
lh,Argentina Torneo Re...,GOOD,GOOD,1,1,0,0,0,2,2,4,13,24,27,33,40%,60%,False
fh,America Friendlies,GOOD,GOOD,0,0,0,3,2,2,1,4,41,69,85,100,48%,52%,True
lh,America Friendlies,GOOD,GOOD,1,0,0,3,0,2,0,0,21,32,36,47,58%,42%,True
fh,Mexico Liga MX Femenil,GOOD,GOOD,1,0,0,0,3,3,0,5,32,76,63,86,37%,63%,False
lh,Mexico Liga MX Femenil,GOOD,GOOD,1,0,0,0,2,1,0,1,17,32,29,44,31%,69%,False
fh,America Friendlies,GOOD,GOOD,0,1,1,0,3,2,7,8,62,49,110,136,45%,55%,True
lh,America Friendlies,GOOD,GOOD,0,1,5,0,1,1,4,2,21,27,46,71,38%,62%,True
fh,Colombia Primera B,GOOD,GOOD,0,1,0,0,5,3,4,6,44,34,86,64,43%,57%,False
lh,Colombia Primera B,GOOD,GOOD,1,2,0,0,1,1,0,5,23,16,48,33,50%,50%,True
fh,Mexico Liga MX Femenil,GOOD,GOOD,0,1,0,0,4,5,8,3,92,53,121,92,55%,45%,False
lh,Mexico Liga MX Femenil,GOOD,GOOD,0,2,0,0,3,3,2,1,36,32,54,49,52%,48%,True
fh,Mexico Liga MX Femenil,GOOD,GOOD,2,0,0,0,3,3,2,5,55,66,116,118,55%,45%,True
lh,Mexico Liga MX Femenil,GOOD,GOOD,2,0,0,0,2,3,0,1,25,30,56,69,52%,48%,True
fh,India Manipur State...,GOOD,GOOD,3,0,0,0,8,1,4,2,92,68,113,99,57%,43%,True
lh,India Manipur State...,GOOD,GOOD,6,0,0,1,4,0,3,0,47,31,54,45,59%,41%,False
fh,Cambodia Premier Le...,GOOD,GOOD,1,0,0,0,6,8,6,12,45,41,94,68,36%,64%,True
lh,Cambodia Premier Le...,GOOD,GOOD,2,1,0,0,3,4,2,4,20,20,48,32,34%,66%,False
fh,Algeria Womens League,GOOD,GOOD,0,2,0,0,2,9,5,12,29,70,62,79,46%,54%,True
lh,Algeria Womens League,GOOD,GOOD,0,6,0,0,1,4,2,4,10,41,32,45,47%,53%,False
fh,India Manipur State...,GOOD,GOOD,2,0,0,3,3,1,10,8,70,125,115,131,44%,56%,False
lh,India Manipur State...,GOOD,GOOD,2,0,0,11,2,0,3,5,34,54,59,60,50%,50%,True
fh,Australia A-League,GOOD,GOOD,1,1,0,0,9,5,6,15,55,47,136,104,48%,52%,True
lh,Australia A-League,GOOD,GOOD,2,2,0,0,5,2,2,10,22,24,64,63,45%,55%,True
fh,Algeria Youth League,GOOD,GOOD,0,1,0,0,8,1,9,3,87,39,85,90,65%,35%,True
lh,Algeria Youth League,GOOD,GOOD,0,1,0,0,5,1,5,1,42,18,38,45,62%,38%,True
fh,Poland I Liga,GOOD,GOOD,2,0,0,0,6,7,3,6,36,50,69,72,34%,66%,True
lh,Poland I Liga,GOOD,GOOD,2,2,0,0,5,5,1,1,18,26,39,39,27%,73%,False
fh,Europe Friendlies,GOOD,GOOD,1,1,0,2,1,8,6,5,84,73,112,112,46%,54%,True
lh,Europe Friendlies,GOOD,GOOD,1,1,0,2,1,8,2,4,41,41,54,64,42%,58%,True
fh,Iran Div 1,GOOD,SUNNY,0,0,0,0,1,0,2,3,63,41,102,85,55%,45%,False
lh,Iran Div 1,GOOD,SUNNY,0,0,0,0,0,0,1,1,32,19,56,46,61%,39%,True
fh,Iran Cup,GOOD,GOOD,1,0,0,0,7,0,6,3,52,39,78,72,56%,44%,True
lh,Iran Cup,GOOD,GOOD,2,0,0,0,2,0,3,1,22,15,39,32,58%,42%,True
fh,Algeria Youth League,GOOD,GOOD,0,0,0,0,5,3,13,4,93,55,137,122,56%,44%,True
lh,Algeria Youth League,GOOD,GOOD,1,0,0,0,0,1,8,1,51,22,65,58,55%,45%,False
fh,Israel Liga Bet South,GOOD,GOOD,1,0,0,0,5,4,5,4,38,29,70,77,39%,61%,True
lh,Israel Liga Bet South,GOOD,GOOD,2,0,0,0,2,0,1,2,18,12,38,40,47%,53%,True
fh,Europe Friendlies,GOOD,GOOD,0,3,4,0,2,5,4,5,25,44,20,32,39%,61%,False
lh,Europe Friendlies,GOOD,GOOD,0,5,1,0,1,3,2,2,16,21,12,13,46%,54%,False
fh,Europe Friendlies,GOOD,GOOD,1,0,0,0,2,1,0,2,44,51,80,73,52%,48%,True
lh,Europe Friendlies,GOOD,GOOD,2,1,0,0,1,0,0,0,24,21,46,34,54%,46%,False
fh,Kenya Premier League,GOOD,GOOD,0,0,0,0,4,4,9,7,125,95,120,104,54%,46%,True
lh,Kenya Premier League,GOOD,GOOD,0,0,0,0,4,2,4,2,64,50,64,54,53%,47%,False
fh,Saudi Arabia Divisi...,GOOD,GOOD,0,0,0,0,1,0,1,9,23,75,68,101,48%,52%,False
lh,Saudi Arabia Divisi...,GOOD,GOOD,1,0,0,0,0,0,0,4,10,43,31,54,43%,57%,True
fh,Israel Youth League,GOOD,GOOD,0,0,0,0,5,2,7,3,74,52,125,101,58%,42%,True
lh,Israel Youth League,GOOD,GOOD,0,0,0,0,1,1,4,2,37,29,66,52,59%,41%,True
fh,Israel Liga Bet South,GOOD,GOOD,1,0,0,0,4,2,9,1,93,66,135,109,64%,36%,True
lh,Israel Liga Bet South,GOOD,GOOD,4,2,0,0,1,0,5,0,43,22,51,38,70%,30%,True
fh,Israel Liga Bet North,GOOD,GOOD,0,3,0,0,3,8,12,5,24,52,53,90,33%,67%,False
lh,Israel Liga Bet North,GOOD,GOOD,0,5,0,0,1,4,7,3,14,31,31,51,30%,70%,False
fh,Saudi Arabia Divisi...,GOOD,GOOD,1,1,0,0,3,5,3,8,47,60,90,117,44%,56%,True
lh,Saudi Arabia Divisi...,GOOD,GOOD,1,1,0,0,2,3,2,4,22,25,44,54,49%,51%,False
fh,Brazil Campeonato P...,GOOD,GOOD,3,0,0,0,9,2,4,7,47,25,109,66,67%,33%,False
lh,Brazil Campeonato P...,GOOD,GOOD,4,0,0,0,3,1,2,4,19,14,55,32,65%,35%,False
fh,England U23 Develop...,GOOD,GOOD,0,0,0,0,3,8,1,9,31,71,72,92,53%,47%,True
lh,England U23 Develop...,GOOD,GOOD,2,0,0,0,0,3,0,5,16,31,42,49,57%,43%,True
fh,England Reserve Mat...,GOOD,GOOD,2,0,0,0,14,2,17,0,100,9,103,37,58%,42%,True
lh,England Reserve Mat...,GOOD,GOOD,7,0,0,0,6,0,11,0,61,4,54,13,64%,36%,False
fh,England U23 Develop...,GOOD,GOOD,1,0,0,0,13,2,2,5,59,48,80,86,41%,59%,True
lh,England U23 Develop...,GOOD,GOOD,1,1,0,0,8,1,1,3,33,27,40,44,39%,61%,False
fh,Europe Friendlies,GOOD,GOOD,3,0,0,0,10,4,5,3,76,32,102,90,54%,46%,True
lh,Europe Friendlies,GOOD,GOOD,8,1,0,0,4,2,0,2,36,13,60,43,58%,42%,False
fh,England U23 Develop...,GOOD,GOOD,0,1,0,0,4,3,5,2,42,24,91,74,48%,52%,True
lh,England U23 Develop...,GOOD,GOOD,1,1,0,0,0,2,0,1,18,14,42,33,45%,55%,False
fh,Algeria Division 1,GOOD,GOOD,0,0,0,0,8,4,4,0,88,51,95,88,60%,40%,True
lh,Algeria Division 1,GOOD,GOOD,2,1,0,0,3,2,3,0,46,20,51,38,69%,31%,False
fh,England U23 Premier...,GOOD,GOOD,0,0,0,0,6,2,7,4,76,37,132,83,66%,34%,False
lh,England U23 Premier...,GOOD,GOOD,1,0,0,0,1,2,3,2,29,19,61,48,60%,40%,True
fh,International Match,GOOD,GOOD,0,0,6,0,4,1,12,1,63,19,107,61,62%,38%,False
lh,International Match,GOOD,GOOD,2,0,4,0,0,0,3,0,42,7,54,31,63%,37%,True
fh,Austria 2. Liga,GOOD,GOOD,0,1,0,0,7,3,2,5,37,42,75,81,52%,48%,True
lh,Austria 2. Liga,GOOD,GOOD,2,1,0,0,1,3,1,2,16,21,31,41,48%,52%,True
fh,Gambia GFA League,GOOD,GOOD,1,0,0,0,6,6,11,17,34,57,91,109,52%,48%,True
lh,Gambia GFA League,GOOD,GOOD,2,0,0,0,4,5,5,3,13,27,43,54,43%,57%,False
fh,Gambia Division 2,GOOD,GOOD,0,1,0,0,4,2,4,6,53,60,79,97,48%,52%,False
lh,Gambia Division 2,GOOD,GOOD,2,1,0,0,2,2,1,5,21,31,39,43,53%,47%,False
fh,Algeria Division 1,GOOD,GOOD,1,1,0,0,9,6,22,4,95,44,134,106,63%,37%,True
lh,Algeria Division 1,GOOD,GOOD,1,1,0,0,5,2,13,1,49,17,58,53,62%,38%,True
fh,Kuwait League,GOOD,GOOD,0,0,0,0,5,1,4,4,62,39,79,80,48%,52%,True
lh,Kuwait League,GOOD,GOOD,4,1,0,0,0,0,1,0,23,6,26,25,47%,53%,True
fh,Europe Friendlies,GOOD,GOOD,1,2,0,0,4,7,5,4,45,48,121,97,58%,42%,False
lh,Europe Friendlies,GOOD,GOOD,1,4,0,0,1,5,2,2,16,31,60,55,52%,48%,False
fh,Belgium First Divis...,GOOD,GOOD,1,0,3,3,3,2,12,6,39,35,122,116,59%,41%,True
lh,Belgium First Divis...,GOOD,GOOD,1,1,5,2,1,0,8,4,13,15,43,50,56%,44%,False
fh,Cyprus Division 1,GOOD,GOOD,0,0,0,0,1,2,8,1,42,26,73,58,63%,37%,True
lh,Cyprus Division 1,GOOD,GOOD,1,0,0,0,0,1,3,1,20,11,39,30,58%,42%,False
fh,Spain Women Primera,GOOD,GOOD,0,0,0,0,2,10,3,8,18,45,47,87,30%,70%,False
lh,Spain Women Primera,GOOD,GOOD,0,2,0,0,2,5,1,6,10,21,20,45,28%,72%,False
fh,Africa Cup of Nations,GOOD,GOOD,0,0,0,4,8,5,5,15,72,45,143,112,53%,47%,True
lh,Africa Cup of Nations,GOOD,GOOD,0,0,0,1,3,3,4,4,32,14,55,40,47%,53%,True
fh,Europe Friendlies,GOOD,GOOD,3,1,0,0,6,8,2,4,64,67,94,100,51%,49%,True
lh,Europe Friendlies,GOOD,GOOD,4,3,0,0,5,2,1,1,42,22,45,44,56%,44%,False
fh,Gambia Division 2,GOOD,GOOD,1,1,0,0,17,16,15,11,78,65,106,109,51%,49%,False
lh,Gambia Division 2,GOOD,GOOD,3,2,0,0,13,8,8,6,48,31,56,61,54%,46%,True
fh,Gambia Division 2,GOOD,GOOD,0,1,0,0,3,4,5,8,53,49,76,73,46%,54%,True
lh,Gambia Division 2,GOOD,GOOD,0,1,0,0,1,3,2,3,27,24,39,39,49%,51%,False
fh,Europe Friendlies,GOOD,GOOD,1,0,0,0,9,4,5,3,40,54,84,113,37%,63%,True
lh,Europe Friendlies,GOOD,GOOD,2,0,0,0,2,4,1,1,11,25,28,51,36%,64%,False
fh,Europe Friendlies,GOOD,GOOD,2,1,0,0,14,4,11,5,70,33,97,74,61%,39%,False
lh,Europe Friendlies,GOOD,GOOD,7,2,0,0,6,1,7,1,38,16,50,36,66%,34%,False
fh,El Salvador Reserve...,GOOD,GOOD,1,2,0,0,9,6,15,3,89,45,103,85,57%,43%,False
lh,El Salvador Reserve...,GOOD,GOOD,3,4,0,0,5,4,5,1,36,27,50,39,58%,42%,True
fh,Spain Copa De La Reina,GOOD,GOOD,1,0,0,0,6,2,6,7,34,45,73,99,43%,57%,True
lh,Spain Copa De La Reina,GOOD,GOOD,2,0,0,0,2,1,2,2,18,16,34,41,45%,55%,True
fh,France National 2,GOOD,GOOD,1,0,0,0,8,6,3,3,36,32,66,61,49%,51%,False
lh,France National 2,GOOD,GOOD,2,2,0,0,1,1,1,1,15,14,34,30,53%,47%,False
fh,Spain Copa De La Reina,GOOD,GOOD,1,0,0,0,7,4,5,5,46,26,59,47,52%,48%,False
lh,Spain Copa De La Reina,GOOD,GOOD,3,1,0,0,2,3,4,0,21,8,28,21,56%,44%,False
fh,Costa Rica U20 League,GOOD,GOOD,0,0,0,0,3,3,3,8,32,56,83,83,53%,47%,True
lh,Costa Rica U20 League,GOOD,GOOD,1,0,0,0,2,1,1,5,18,29,36,37,59%,41%,False
fh,Belgium First Divis...,GOOD,GOOD,0,1,7,0,0,4,17,10,64,19,130,80,63%,37%,True
lh,Belgium First Divis...,GOOD,GOOD,0,2,4,0,0,2,7,6,23,10,55,48,58%,42%,False
fh,Belgium First Divis...,GOOD,GOOD,1,1,2,0,3,4,8,7,37,43,102,94,46%,54%,False
lh,Belgium First Divis...,GOOD,GOOD,1,1,4,0,2,2,3,3,12,18,45,43,42%,58%,False
fh,Spain Tercera Group 10,GOOD,GOOD,2,1,0,0,6,4,5,3,76,66,131,115,58%,42%,False
lh,Spain Tercera Group 10,GOOD,GOOD,3,1,0,0,4,3,2,1,36,32,66,51,61%,39%,False
fh,Spain Primera Divis...,GOOD,GOOD,1,0,0,0,2,1,4,8,47,66,106,97,52%,48%,True
lh,Spain Primera Divis...,GOOD,GOOD,1,0,0,0,2,0,1,6,24,29,57,49,60%,40%,True
fh,France Ligue 2,GOOD,GOOD,0,1,0,0,3,5,6,4,55,44,71,67,45%,55%,False
lh,France Ligue 2,GOOD,GOOD,1,1,0,2,1,3,2,3,13,26,33,38,36%,64%,False
fh,France Ligue 1,GOOD,GOOD,0,1,1,0,3,6,4,3,52,34,121,157,53%,47%,False
lh,France Ligue 1,GOOD,GOOD,0,1,2,0,1,4,2,3,14,25,32,93,44%,56%,False
fh,Campeonato Paulista A2,GOOD,GOOD,1,0,0,0,2,4,11,7,75,53,122,124,51%,49%,False
lh,Campeonato Paulista A2,GOOD,GOOD,1,0,0,0,1,3,4,2,38,21,61,66,52%,48%,True
fh,Spain Primera Divis...,GOOD,GOOD,2,0,0,0,6,4,8,4,51,45,81,76,52%,48%,False
lh,Spain Primera Divis...,GOOD,GOOD,3,1,0,0,3,1,5,1,18,24,38,41,46%,54%,False
fh,Spain Primera Divis...,GOOD,GOOD,1,0,0,0,5,1,10,4,60,32,93,85,45%,55%,False
lh,Spain Primera Divis...,GOOD,GOOD,2,0,0,0,2,0,5,2,28,13,46,44,42%,58%,True
fh,Spain Primera Divis...,GOOD,GOOD,3,1,0,0,3,5,8,5,33,29,83,63,62%,38%,False
lh,Spain Primera Divis...,GOOD,GOOD,3,2,0,0,3,1,3,4,20,14,43,33,59%,41%,False
fh,Germany 3.Liga,GOOD,GOOD,0,1,0,0,1,7,6,10,52,89,83,85,43%,57%,True
lh,Germany 3.Liga,GOOD,GOOD,0,1,0,0,1,3,3,5,19,49,37,38,34%,66%,True
fh,Malta Premier League,GOOD,GOOD,0,0,0,4,2,1,7,9,54,52,94,101,46%,54%,False
lh,Malta Premier League,GOOD,GOOD,0,0,0,3,1,1,3,6,29,25,43,57,44%,56%,True
fh,Campeonato Paulista A2,GOOD,GOOD,0,0,0,0,1,5,10,5,62,49,90,68,56%,44%,True
lh,Campeonato Paulista A2,GOOD,GOOD,0,2,0,0,1,3,3,4,22,31,23,37,42%,58%,False
fh,Germany 3.Liga,GOOD,GOOD,1,0,4,0,4,6,6,13,49,112,77,112,40%,60%,True
lh,Germany 3.Liga,GOOD,GOOD,1,0,0,0,2,3,4,4,26,45,36,44,46%,54%,False
fh,Germany 3.Liga,GOOD,GOOD,0,0,3,0,6,1,7,9,53,64,98,100,43%,57%,False
lh,Germany 3.Liga,GOOD,GOOD,2,0,1,0,3,0,3,3,33,27,53,45,41%,59%,False
fh,Campeonato Paulista A2,GOOD,GOOD,0,1,0,0,2,2,7,3,66,23,99,64,61%,39%,True
lh,Campeonato Paulista A2,GOOD,GOOD,0,1,0,0,1,1,2,0,26,11,53,35,55%,45%,False
fh,Malta Premier League,GOOD,GOOD,1,0,0,0,1,3,3,6,41,88,96,118,41%,59%,True
lh,Malta Premier League,GOOD,GOOD,1,0,0,0,1,1,2,1,22,35,53,55,48%,52%,True
fh,Campeonato Potiguar,GOOD,GOOD,0,0,0,0,1,5,6,7,46,88,91,130,37%,63%,False
lh,Campeonato Potiguar,GOOD,GOOD,0,0,0,0,1,3,2,5,18,45,40,70,38%,62%,True
fh,Germany 3.Liga,GOOD,GOOD,0,0,2,0,3,4,10,2,81,60,114,96,60%,40%,False
lh,Germany 3.Liga,GOOD,GOOD,0,1,6,0,1,1,4,1,32,34,64,46,66%,34%,False
fh,Greece Super League,GOOD,GOOD,0,0,1,0,3,6,3,11,78,109,147,189,37%,63%,False
lh,Greece Super League,GOOD,GOOD,0,0,0,0,2,1,1,4,28,37,53,75,35%,65%,False
fh,El Salvador Reserve...,GOOD,GOOD,0,0,0,0,3,6,2,5,59,86,81,100,45%,55%,True
lh,El Salvador Reserve...,GOOD,GOOD,1,2,0,0,0,3,0,3,24,46,44,50,44%,56%,True
fh,Germany Oberliga Ha...,GOOD,GOOD,0,3,0,0,2,7,3,7,49,53,54,66,52%,48%,False
lh,Germany Oberliga Ha...,GOOD,GOOD,2,5,0,0,0,4,1,3,21,23,22,27,52%,48%,False
fh,Campeonato Brasiliense,GOOD,GOOD,1,2,0,0,4,5,5,9,110,79,123,93,63%,37%,True
lh,Campeonato Brasiliense,GOOD,GOOD,2,2,0,0,1,2,2,4,57,31,64,35,69%,31%,False
fh,Campeonato Brasiliense,GOOD,GOOD,1,2,0,1,4,6,6,6,47,38,70,67,52%,48%,True
fh,Spain Copa De La Reina,GOOD,GOOD,0,2,0,0,1,8,1,10,9,48,43,122,34%,66%,True
lh,Spain Copa De La Reina,GOOD,GOOD,0,5,0,0,1,5,0,3,7,21,24,58,35%,65%,False
fh,Campeonato Brasiliense,GOOD,GOOD,1,1,0,0,2,3,4,5,33,64,77,92,43%,57%,True
lh,Campeonato Brasiliense,GOOD,GOOD,2,1,0,0,1,2,1,0,10,17,15,25,46%,54%,True
fh,Campeonato Carioca B,GOOD,GOOD,0,0,0,0,5,2,5,7,60,73,123,144,42%,58%,True
lh,Campeonato Carioca B,GOOD,GOOD,0,0,0,0,1,0,2,2,25,34,63,74,45%,55%,True
fh,El Salvador Reserve...,GOOD,GOOD,1,0,0,0,3,5,5,7,79,108,117,137,51%,49%,True
lh,El Salvador Reserve...,GOOD,GOOD,2,0,0,0,1,2,4,4,31,53,56,75,53%,47%,True
fh,Germany Berlin-Liga,GOOD,GOOD,0,0,0,0,6,3,9,2,70,55,113,92,60%,40%,False
lh,Germany Berlin-Liga,GOOD,GOOD,1,1,0,1,2,1,2,0,28,31,53,48,60%,40%,False
fh,Spain Segunda B Gro...,GOOD,GOOD,0,1,4,0,2,5,2,4,45,45,80,80,49%,51%,True
lh,Spain Segunda B Gro...,GOOD,GOOD,0,1,0,0,1,2,1,3,20,15,34,30,47%,53%,False
fh,Gambia GFA League,GOOD,GOOD,1,0,0,0,4,2,9,8,48,53,89,93,57%,43%,True
lh,Gambia GFA League,GOOD,GOOD,3,0,0,0,2,1,3,4,25,24,40,45,56%,44%,False
fh,Spain Tercera Group 10,GOOD,GOOD,0,0,0,0,4,1,2,2,43,30,92,79,48%,52%,True
lh,Spain Tercera Group 10,GOOD,GOOD,1,0,0,0,2,0,2,1,23,15,55,43,53%,47%,True
fh,Spain Segunda B Gro...,GOOD,GOOD,1,2,0,2,13,5,15,7,53,25,76,65,63%,37%,True
lh,Spain Segunda B Gro...,GOOD,GOOD,2,2,0,2,5,4,4,5,22,20,36,33,55%,45%,False
fh,Spain Copa De La Reina,GOOD,GOOD,0,1,0,0,6,2,5,0,55,39,89,77,48%,52%,False
lh,Spain Copa De La Reina,GOOD,GOOD,0,1,0,0,5,2,2,0,23,19,42,37,44%,56%,False
fh,Spain Women Superliga,GOOD,GOOD,0,2,0,0,4,6,3,4,30,38,84,78,51%,49%,True
lh,Spain Women Superliga,GOOD,GOOD,1,4,0,0,1,3,1,3,10,21,39,42,45%,55%,True
fh,Iceland Premier League,GOOD,GOOD,2,0,0,0,6,8,8,5,57,35,69,44,63%,37%,False
lh,Iceland Premier League,GOOD,GOOD,2,0,0,0,4,4,5,4,33,16,33,19,62%,38%,True
fh,Campeonato Catarinense,GOOD,GOOD,0,0,0,0,2,2,11,7,39,40,72,64,53%,47%,True
lh,Campeonato Catarinense,GOOD,GOOD,0,1,0,0,0,0,3,3,9,16,22,24,39%,61%,True
fh,Spain Tercera Group 7,GOOD,GOOD,1,1,0,0,3,4,1,13,56,94,112,151,42%,58%,False
lh,Spain Tercera Group 7,GOOD,GOOD,2,1,0,0,1,3,0,5,22,49,64,65,42%,58%,True
fh,Spain Tercera Group 15,GOOD,GOOD,1,0,0,0,2,1,8,12,34,36,89,100,45%,55%,True
lh,Spain Tercera Group 15,GOOD,GOOD,1,0,0,0,1,1,5,4,13,14,41,45,47%,53%,False
fh,Spain Primera Divis...,GOOD,GOOD,2,0,1,1,4,3,4,8,18,26,56,64,45%,55%,False
lh,Spain Primera Divis...,GOOD,GOOD,3,0,2,5,2,2,1,3,8,9,23,26,52%,48%,False
fh,Spain Primera Divis...,GOOD,GOOD,0,0,0,0,2,3,6,11,40,70,103,110,46%,54%,False
lh,Spain Primera Divis...,GOOD,GOOD,0,1,0,0,1,2,4,5,13,38,36,56,46%,54%,False
fh,England League Cup ...,GOOD,GOOD,0,0,0,0,5,0,4,0,36,16,65,37,57%,43%,False
lh,England League Cup ...,GOOD,GOOD,2,0,0,0,0,0,1,0,1,1,5,1,58%,42%,False
fh,Spain Tercera Group 18,GOOD,GOOD,0,1,3,0,3,3,5,1,84,72,129,117,45%,55%,True
lh,Spain Tercera Group 18,GOOD,GOOD,1,1,0,2,2,2,1,1,36,39,57,57,51%,49%,False
fh,Spain Tercera Group 7,GOOD,GOOD,4,0,0,0,7,7,4,9,44,59,90,96,40%,60%,False
lh,Spain Tercera Group 7,GOOD,GOOD,4,0,0,0,6,3,3,1,30,20,46,43,50%,50%,False
fh,Spain Tercera Group 9,GOOD,GOOD,0,0,3,0,16,8,5,4,78,57,85,102,51%,49%,False
lh,Spain Tercera Group 9,GOOD,GOOD,2,1,5,0,6,1,3,2,30,28,43,48,54%,46%,True
fh,Colombia Primera A,GOOD,GOOD,1,0,0,0,7,4,3,1,94,70,130,120,47%,53%,False
lh,Colombia Primera A,GOOD,GOOD,1,2,0,0,4,1,2,0,56,26,72,44,53%,47%,False
fh,Campeonato Brasileiro,GOOD,GOOD,0,0,0,0,5,4,7,3,61,20,77,77,61%,39%,False
lh,Campeonato Brasileiro,GOOD,GOOD,1,2,0,0,2,1,2,2,20,13,32,41,56%,44%,True
fh,Italy Serie B,GOOD,GOOD,2,0,3,4,4,2,11,5,44,27,129,71,60%,40%,True
lh,Italy Serie B,GOOD,GOOD,2,1,3,0,2,0,4,4,14,19,56,29,56%,44%,False
fh,African Nations Cup...,GOOD,GOOD,0,0,2,0,1,1,14,8,62,38,167,99,55%,45%,True
lh,African Nations Cup...,GOOD,GOOD,0,0,4,0,1,0,2,2,24,14,59,31,62%,38%,True
fh,Spain Women 1a Naci...,GOOD,GOOD,0,0,0,0,3,5,2,10,27,43,76,104,32%,68%,False
lh,Spain Women 1a Naci...,GOOD,GOOD,0,1,0,0,1,2,1,8,8,24,27,52,22%,78%,False
fh,Europe Friendlies,GOOD,GOOD,1,0,0,0,15,4,14,10,72,35,110,57,67%,33%,True
lh,Europe Friendlies,GOOD,GOOD,6,0,0,0,6,0,8,3,39,12,58,25,75%,25%,False
fh,Brazil Amazonense,GOOD,GOOD,1,0,1,0,10,1,7,5,35,19,82,64,50%,50%,True
lh,Brazil Amazonense,GOOD,GOOD,1,0,6,0,5,1,5,2,16,7,39,30,52%,48%,True
fh,Southern League Div...,GOOD,GOOD,0,1,0,0,3,4,3,5,33,32,82,66,60%,40%,False
lh,Southern League Div...,GOOD,GOOD,0,1,0,0,1,4,3,3,18,18,45,37,59%,41%,True
fh,Spain Tercera Group 9,GOOD,CLOUDY,1,0,2,0,6,7,2,3,52,62,72,93,58%,42%,False
lh,Spain Tercera Group 9,GOOD,CLOUDY,2,0,4,0,3,1,1,0,19,21,21,39,65%,35%,True
fh,Brazil Amazonense,GOOD,GOOD,0,1,0,0,0,1,0,0,46,32,65,58,52%,48%,False
lh,Brazil Amazonense,GOOD,GOOD,0,1,0,0,0,1,0,0,26,13,40,29,52%,48%,False
fh,Iceland 1 Deild,GOOD,GOOD,2,0,0,0,6,3,9,3,54,44,80,66,55%,45%,True
lh,Iceland 1 Deild,GOOD,GOOD,2,0,0,0,5,1,4,1,27,23,42,35,53%,47%,False
fh,Spain Tercera Group 7,GOOD,GOOD,1,1,3,0,10,3,6,4,44,43,98,111,42%,58%,False
lh,Spain Tercera Group 7,GOOD,GOOD,4,1,5,0,3,2,4,2,23,20,56,64,42%,58%,False
fh,Brazil Amazonense,GOOD,GOOD,0,1,0,0,1,1,8,6,77,62,134,107,61%,39%,False
lh,Brazil Amazonense,GOOD,GOOD,1,1,0,0,0,1,3,2,41,26,68,47,59%,41%,True
fh,Spain Tercera Group 7,GOOD,GOOD,0,0,0,0,2,5,4,4,54,62,100,89,55%,45%,False
lh,Spain Tercera Group 7,GOOD,GOOD,1,1,0,0,0,1,2,4,26,30,53,47,55%,45%,False
fh,England National Le...,GOOD,GOOD,0,0,0,0,2,5,3,6,92,66,166,136,55%,45%,False
lh,England National Le...,GOOD,GOOD,1,1,0,0,0,1,2,4,43,26,82,56,56%,44%,True
fh,Scotland Premiership,GOOD,GOOD,0,0,1,4,2,1,9,3,30,38,114,71,43%,57%,False
lh,Scotland Premiership,GOOD,GOOD,0,0,3,1,2,0,4,2,15,26,64,32,51%,49%,False
fh,Scotland Premiership,GOOD,GOOD,0,0,5,3,5,3,13,3,76,30,118,94,68%,32%,True
lh,Scotland Premiership,GOOD,GOOD,1,0,5,1,2,2,9,1,42,14,48,44,68%,32%,True
fh,Scotland Premiership,GOOD,GOOD,0,2,0,5,1,8,6,12,35,63,114,101,43%,57%,False
lh,Scotland Premiership,GOOD,GOOD,1,2,4,5,0,6,1,7,10,38,34,53,30%,70%,True
fh,Scotland Premiership,GOOD,GOOD,0,0,0,1,3,2,6,8,36,48,127,107,53%,47%,False
lh,Scotland Premiership,GOOD,GOOD,0,0,0,1,2,1,2,4,15,20,67,47,52%,48%,True
fh,Scotland Premiership,GOOD,GOOD,0,0,0,0,6,4,19,8,59,43,123,86,59%,41%,True
lh,Scotland Premiership,GOOD,GOOD,2,1,0,0,1,0,10,1,36,15,68,53,51%,49%,True
fh,England FA Premier ...,GOOD,GOOD,0,0,0,0,4,1,10,4,36,23,83,47,62%,38%,False
lh,England FA Premier ...,GOOD,GOOD,0,0,0,0,2,1,6,1,20,12,41,27,58%,42%,True
fh,Republic of Ireland...,GOOD,GOOD,0,0,0,0,10,2,14,2,59,15,118,80,57%,43%,False
lh,Republic of Ireland...,GOOD,GOOD,2,0,0,0,6,2,7,1,32,10,63,46,57%,43%,False
fh,Southern League Div...,GOOD,GOOD,1,1,0,0,6,6,13,10,47,49,105,105,52%,48%,True
lh,Southern League Div...,GOOD,GOOD,1,2,0,0,3,2,6,5,24,27,55,50,48%,52%,True
fh,England FA Premier ...,GOOD,GOOD,2,0,0,0,9,4,12,4,47,28,95,60,60%,40%,True
lh,England FA Premier ...,GOOD,GOOD,5,0,0,0,5,2,3,2,25,12,52,23,61%,39%,False
fh,Portugal Primeira Liga,GOOD,GOOD,1,1,6,0,10,2,6,1,98,33,107,59,75%,25%,True
lh,Portugal Primeira Liga,GOOD,GOOD,2,1,4,0,5,2,4,1,48,12,49,23,73%,27%,True
fh,England FA Premier ...,GOOD,GOOD,0,2,0,0,3,7,5,7,34,43,67,74,45%,55%,False
lh,England FA Premier ...,GOOD,GOOD,0,3,0,0,2,5,4,2,13,20,34,40,40%,60%,True
fh,Northern Ireland Re...,GOOD,GOOD,3,2,0,0,6,4,5,6,58,69,125,130,51%,49%,False
lh,Northern Ireland Re...,GOOD,GOOD,4,2,0,0,4,2,4,2,34,27,69,65,58%,42%,False
fh,England FA Premier ...,GOOD,GOOD,1,0,0,0,5,2,1,6,26,35,72,87,37%,63%,True
lh,England FA Premier ...,GOOD,GOOD,1,0,0,0,4,1,0,3,11,16,35,39,40%,60%,True
fh,Australia W-League,GOOD,GOOD,0,1,0,0,2,9,1,6,50,71,86,87,46%,54%,True
lh,Australia W-League,GOOD,GOOD,0,3,0,0,1,6,0,5,21,32,39,35,46%,54%,True
fh,Algeria Youth League,GOOD,GOOD,0,0,0,0,1,1,5,1,78,69,139,130,53%,47%,False
lh,Algeria Youth League,GOOD,GOOD,1,0,0,0,0,0,2,0,38,31,68,59,54%,46%,False
fh,Algeria Youth League,GOOD,GOOD,1,0,0,0,17,8,7,10,44,49,72,70,57%,43%,True
lh,Algeria Youth League,GOOD,GOOD,1,1,0,0,8,5,2,5,24,25,36,36,54%,46%,True
fh,Israel Liga Alef South,GOOD,GOOD,1,1,0,0,1,2,0,0,41,27,88,82,59%,41%,False
lh,Israel Liga Alef South,GOOD,GOOD,1,2,0,0,1,1,0,0,23,11,48,39,58%,42%,False
fh,Israel Liga Alef North,GOOD,GOOD,0,0,0,0,5,4,2,10,63,76,105,118,50%,50%,True
lh,Israel Liga Alef North,GOOD,GOOD,1,1,0,0,3,1,2,7,44,35,52,56,52%,48%,False
fh,Israel Liga Bet South,GOOD,GOOD,0,0,0,0,11,2,15,3,49,29,64,57,60%,40%,True
lh,Israel Liga Bet South,GOOD,GOOD,2,0,0,0,5,0,8,3,24,11,29,25,57%,43%,True
fh,Gambia Division 2,GOOD,GOOD,1,0,0,0,7,6,3,4,44,59,62,74,48%,52%,True
lh,Gambia Division 2,GOOD,GOOD,1,1,0,0,4,2,1,2,23,26,30,40,48%,52%,True
fh,Gambia Division 2,GOOD,GOOD,0,1,0,0,12,14,11,13,80,62,119,117,49%,51%,True
lh,Gambia Division 2,GOOD,GOOD,0,1,0,0,4,9,6,6,42,34,64,57,60%,40%,False
fh,Portugal U23 League,GOOD,GOOD,1,1,0,0,3,5,6,5,47,70,106,105,53%,47%,False
lh,Portugal U23 League,GOOD,GOOD,1,1,0,0,2,2,1,3,26,27,61,45,58%,42%,True
fh,Israel Women Divisi...,GOOD,GOOD,0,0,0,0,1,4,0,4,67,104,131,135,44%,56%,True
lh,Israel Women Divisi...,GOOD,GOOD,1,1,0,0,0,2,0,2,30,49,74,72,42%,58%,False
fh,Europe Friendlies,GOOD,GOOD,3,0,0,0,5,7,7,13,53,81,97,137,42%,58%,False
lh,Europe Friendlies,GOOD,GOOD,4,0,0,0,3,4,4,4,29,34,43,70,42%,58%,True
fh,Asia - World Cup Qu...,GOOD,GOOD,0,0,0,2,4,2,5,6,31,27,126,118,56%,44%,True
fh,Israel Liga Bet South,GOOD,GOOD,0,0,0,0,4,4,13,4,80,44,82,79,63%,37%,True
lh,Israel Liga Bet South,GOOD,GOOD,1,2,0,0,0,1,6,2,35,22,46,37,66%,34%,True
fh,Hungary NB I,GOOD,GOOD,1,0,0,0,5,2,10,3,77,84,120,144,44%,56%,True
lh,Hungary NB I,GOOD,GOOD,1,0,0,0,4,1,6,1,42,36,65,60,51%,49%,True
fh,Israel Women Divisi...,GOOD,GOOD,1,0,0,0,5,2,6,3,56,36,112,86,56%,44%,False
lh,Israel Women Divisi...,GOOD,GOOD,1,0,0,0,3,1,4,2,30,20,58,38,58%,42%,False
fh,Campeonato Paulista A2,GOOD,GOOD,0,1,0,0,2,3,6,4,66,63,121,103,57%,43%,False
lh,Campeonato Paulista A2,GOOD,GOOD,0,3,0,0,2,1,2,4,32,29,52,54,54%,46%,True
fh,Campeonato Cearense,GOOD,GOOD,1,1,0,0,4,3,3,5,58,93,85,133,42%,58%,False
lh,Campeonato Cearense,GOOD,GOOD,1,1,0,5,1,2,1,0,27,41,47,62,45%,55%,True
fh,Mexico Liga MX Femenil,GOOD,GOOD,1,0,0,0,3,1,3,2,63,62,80,80,58%,42%,True
lh,Mexico Liga MX Femenil,GOOD,GOOD,1,0,0,0,2,0,2,1,35,31,34,37,64%,36%,True
fh,Israel Liga Bet South,GOOD,GOOD,2,1,0,0,5,8,5,10,52,70,106,108,54%,46%,False
lh,Israel Liga Bet South,GOOD,GOOD,3,1,0,0,3,1,4,2,31,27,58,49,56%,44%,False
fh,Campeonato Cearense,GOOD,GOOD,1,0,6,0,7,0,13,0,90,34,95,73,59%,41%,True
lh,Campeonato Cearense,GOOD,GOOD,4,0,4,5,2,0,9,0,47,12,44,37,61%,39%,True
fh,Campeonato Carioca,GOOD,GOOD,1,0,0,0,5,3,7,9,55,70,112,147,44%,56%,False
lh,Campeonato Carioca,GOOD,GOOD,1,0,0,0,1,0,2,4,22,32,60,70,53%,47%,True
fh,Europe Friendlies,GOOD,GOOD,1,2,0,0,2,5,0,3,46,64,75,84,51%,49%,False
lh,Europe Friendlies,GOOD,GOOD,2,4,0,0,1,2,0,1,25,32,38,38,50%,50%,True
fh,Brazil Paraense,GOOD,GOOD,0,0,2,0,3,5,9,1,31,13,69,54,60%,40%,False
lh,Brazil Paraense,GOOD,GOOD,1,0,6,0,0,3,6,0,13,8,34,24,62%,38%,False
fh,Israel Women Divisi...,GOOD,GOOD,0,0,0,0,6,5,1,6,33,42,94,99,55%,45%,False
lh,Israel Women Divisi...,GOOD,GOOD,0,1,0,0,5,2,1,3,18,16,39,50,47%,53%,False
fh,Europe Friendlies,GOOD,GOOD,0,0,0,0,4,5,3,17,21,58,49,100,30%,70%,False
lh,Europe Friendlies,GOOD,GOOD,0,0,0,0,2,2,2,6,8,34,23,59,32%,68%,True
fh,Iceland Pre-Season Cup,GOOD,GOOD,1,1,2,3,8,4,6,6,40,55,90,136,39%,61%,True
lh,Iceland Pre-Season Cup,GOOD,GOOD,3,1,1,2,5,3,3,4,19,29,46,67,42%,58%,False
fh,Spain Tercera Group 7,GOOD,GOOD,0,0,0,0,4,0,12,5,66,30,140,84,63%,37%,False
lh,Spain Tercera Group 7,GOOD,GOOD,1,0,0,0,2,0,4,1,33,8,78,41,70%,30%,False
fh,Europe Friendlies,ARTIFICIALTURF,RAINY,0,0,0,0,2,4,3,8,22,30,44,62,45%,55%,True
lh,Europe Friendlies,ARTIFICIALTURF,RAINY,0,2,0,0,2,0,0,3,11,14,22,33,43%,57%,False
fh,Iceland Premier Lea...,GOOD,GOOD,3,0,0,0,8,2,7,1,136,69,150,122,58%,42%,True
lh,Iceland Premier Lea...,GOOD,GOOD,5,1,0,0,4,1,3,1,73,35,91,70,65%,35%,True
fh,Campeonato Cearense,GOOD,GOOD,0,0,4,1,8,3,2,4,60,77,96,124,44%,56%,True
lh,Campeonato Cearense,GOOD,GOOD,2,0,1,2,3,2,1,1,30,34,55,58,48%,52%,False
fh,England FA Cup Women,GOOD,GOOD,0,1,0,0,8,2,2,3,66,16,105,47,68%,32%,False
lh,England FA Cup Women,GOOD,GOOD,2,1,0,0,1,1,0,3,24,9,45,17,69%,31%,False
fh,Belgium First Divis...,GOOD,GOOD,0,0,0,0,0,7,9,12,52,79,139,102,59%,41%,True
lh,Belgium First Divis...,GOOD,GOOD,0,0,0,0,0,4,4,5,21,42,62,55,58%,42%,True
fh,England FA Premier ...,GOOD,GOOD,0,1,0,0,1,9,0,6,26,61,82,129,32%,68%,True
lh,England FA Premier ...,GOOD,GOOD,0,2,0,0,1,4,0,2,10,34,38,67,27%,73%,True
fh,Spain Primera Divis...,GOOD,GOOD,0,0,0,0,6,2,8,5,42,30,100,88,56%,44%,True
lh,Spain Primera Divis...,GOOD,GOOD,1,0,0,0,2,2,4,2,16,15,43,47,47%,53%,False
fh,Portugal Primeira Liga,GOOD,GOOD,1,0,2,0,4,5,8,14,26,63,75,118,42%,58%,True
lh,Portugal Primeira Liga,GOOD,GOOD,1,2,2,0,1,2,3,4,18,29,32,61,44%,56%,False
fh,Copa America,GOOD,GOOD,0,1,4,1,2,5,10,7,55,24,78,62,60%,40%,True
lh,Copa America,GOOD,GOOD,1,1,2,0,0,2,6,4,26,11,35,31,54%,46%,False
fh,Colombia Primera A,GOOD,GOOD,0,0,0,0,0,1,6,1,67,48,108,98,56%,44%,False
lh,Colombia Primera A,GOOD,GOOD,0,0,0,0,0,1,5,0,42,20,53,43,59%,41%,False
fh,Mexico Copa Conecta,GOOD,GOOD,1,0,0,0,3,3,7,6,31,36,70,81,46%,54%,True
lh,Mexico Copa Conecta,GOOD,GOOD,1,1,0,0,2,1,4,5,13,18,37,41,50%,50%,True
fh,America Friendlies,GOOD,GOOD,0,1,0,0,6,5,4,3,55,37,93,74,57%,43%,True
lh,America Friendlies,GOOD,GOOD,1,1,0,0,1,2,3,3,20,20,46,35,53%,47%,True
fh,Mexico Liga MX Femenil,GOOD,GOOD,0,1,0,0,5,5,5,8,88,50,113,112,45%,55%,False
lh,Mexico Liga MX Femenil,GOOD,GOOD,1,2,0,0,2,1,1,5,34,24,46,71,36%,64%,True
fh,Campeonato Gaucho,GOOD,GOOD,2,1,0,0,6,3,7,3,60,24,95,68,68%,32%,True
lh,Campeonato Gaucho,GOOD,GOOD,2,1,0,0,4,2,3,2,29,10,50,32,76%,24%,False
fh,Mexico Copa Conecta,GOOD,GOOD,1,0,0,0,5,4,0,3,32,34,76,80,50%,50%,True
lh,Mexico Copa Conecta,GOOD,GOOD,3,1,0,0,2,2,0,1,15,15,41,41,53%,47%,False
fh,Campeonato Baiano,GOOD,GOOD,0,0,0,0,3,3,9,8,47,44,79,78,53%,47%,False
lh,Campeonato Baiano,GOOD,GOOD,0,1,0,0,0,0,4,4,24,24,41,44,50%,50%,True
fh,Brazil Campeonato P...,GOOD,GOOD,0,1,0,0,1,7,6,7,39,48,87,100,43%,57%,False
lh,Brazil Campeonato P...,GOOD,GOOD,1,1,0,0,0,3,0,3,17,22,38,47,45%,55%,False
fh,Brazil Serie D,GOOD,GOOD,1,2,0,0,9,5,8,6,40,38,103,101,57%,43%,False
lh,Brazil Serie D,GOOD,GOOD,2,2,0,0,3,3,1,2,17,20,54,44,59%,41%,False
fh,Copa America,GOOD,GOOD,0,0,5,4,2,4,6,11,34,52,100,136,48%,52%,True
lh,Copa America,GOOD,GOOD,0,1,0,4,0,2,4,7,17,16,54,57,54%,46%,False
fh,Campeonato Paulista,GOOD,GOOD,1,0,5,1,4,2,6,8,53,60,67,110,41%,59%,False
lh,Campeonato Paulista,GOOD,GOOD,3,1,1,2,1,1,6,3,39,23,42,52,46%,54%,False
fh,Colombia Primera A,GOOD,GOOD,0,0,0,0,3,4,2,4,64,109,88,130,40%,60%,False
lh,Colombia Primera A,GOOD,GOOD,2,0,0,0,0,1,2,1,31,52,50,68,46%,54%,True
fh,Campeonato Sergipano,GOOD,GOOD,0,0,2,0,8,2,9,7,65,48,96,87,49%,51%,True
lh,Campeonato Sergipano,GOOD,GOOD,2,0,3,0,3,1,5,1,33,14,48,36,53%,47%,True
fh,Campeonato Carioca,GOOD,GOOD,0,1,1,4,2,3,12,5,85,35,143,96,64%,36%,True
lh,Campeonato Carioca,GOOD,GOOD,0,1,8,0,1,3,3,3,31,22,60,46,63%,37%,True
fh,America Friendlies,GOOD,GOOD,0,0,0,7,5,6,5,15,46,81,97,119,43%,57%,True
lh,America Friendlies,GOOD,GOOD,1,1,0,8,1,2,2,8,17,37,44,58,38%,62%,True
fh,Central America - W...,GOOD,GOOD,0,0,4,0,4,0,12,6,60,17,129,82,63%,37%,True
lh,Central America - W...,GOOD,GOOD,1,0,4,0,0,0,8,3,29,9,70,47,61%,39%,False
fh,Central America - W...,GOOD,GOOD,0,0,0,5,1,7,2,13,13,80,47,131,24%,76%,True
lh,Central America - W...,GOOD,GOOD,1,2,2,3,0,2,1,3,6,29,29,63,31%,69%,True
fh,Copa America,GOOD,GOOD,1,2,1,0,5,5,9,2,42,18,122,85,63%,37%,True
lh,Copa America,GOOD,GOOD,1,2,4,1,2,5,3,0,13,10,65,43,60%,40%,False
fh,Campeonato Gaucho,GOOD,GOOD,1,0,0,0,2,3,2,3,22,43,48,60,51%,49%,False
lh,Campeonato Gaucho,GOOD,GOOD,1,0,0,0,1,0,0,0,4,3,9,4,60%,40%,True
fh,Campeonato Paulista,GOOD,GOOD,1,0,0,0,4,4,7,7,54,108,82,130,36%,64%,False
lh,Campeonato Paulista,GOOD,GOOD,2,1,0,0,2,1,4,2,27,54,37,72,42%,58%,False
fh,Brazil Paraense,GOOD,GOOD,1,0,0,0,1,1,2,4,20,18,57,67,48%,52%,True
lh,Brazil Paraense,GOOD,GOOD,1,0,0,0,1,0,0,0,8,0,10,5,56%,44%,False
fh,Mexico Liga MX Femenil,GOOD,GOOD,0,0,0,0,5,5,7,15,67,81,88,102,50%,50%,False
lh,Mexico Liga MX Femenil,GOOD,GOOD,1,1,0,0,2,1,3,6,39,32,49,46,54%,46%,True
fh,Central America - W...,GOOD,GOOD,0,1,3,2,5,4,12,4,40,28,135,65,54%,46%,False
lh,Central America - W...,GOOD,GOOD,0,2,4,1,1,2,5,1,17,14,68,35,55%,45%,True
fh,Colombia Primera A,GOOD,GOOD,1,0,0,0,5,5,1,1,50,86,73,111,40%,60%,False
lh,Colombia Primera A,GOOD,GOOD,1,1,0,0,3,4,0,0,26,39,41,53,46%,54%,False
fh,Central America - W...,GOOD,GOOD,0,0,0,1,1,3,7,16,40,73,95,129,41%,59%,False
lh,Central America - W...,GOOD,GOOD,1,0,0,7,0,2,6,5,19,22,44,64,45%,55%,True
fh,Mexico Liga de Asce...,GOOD,GOOD,0,0,1,0,2,2,13,7,99,53,152,102,60%,40%,False
lh,Mexico Liga de Asce...,GOOD,GOOD,0,0,1,0,1,0,5,4,39,27,71,58,62%,38%,False
fh,Mexico Liga MX Femenil,GOOD,GOOD,0,0,0,0,2,0,2,3,55,46,84,72,54%,46%,True
lh,Mexico Liga MX Femenil,GOOD,GOOD,1,0,0,0,0,0,1,0,28,23,44,34,58%,42%,False
fh,Indonesia Super Liga,GOOD,GOOD,1,0,0,0,4,3,9,11,93,68,140,111,58%,42%,True
lh,Indonesia Super Liga,GOOD,GOOD,1,0,0,0,2,2,5,7,44,37,67,56,57%,43%,True
fh,India Manipur State...,GOOD,GOOD,1,0,0,0,3,3,3,6,92,97,109,104,51%,49%,False
lh,India Manipur State...,GOOD,GOOD,1,0,0,5,2,0,3,3,54,34,52,46,57%,43%,True
fh,Poland I Liga,GOOD,GOOD,0,1,0,0,9,3,11,3,105,50,155,124,61%,39%,False
lh,Poland I Liga,GOOD,GOOD,0,2,0,0,5,2,6,3,52,26,95,58,66%,34%,False
fh,Romania Cup,GOOD,GOOD,1,3,0,0,4,9,2,11,44,48,65,71,43%,57%,True
lh,Romania Cup,GOOD,GOOD,1,5,0,0,2,4,0,2,13,11,19,13,45%,55%,False
fh,Europe Friendlies,GOOD,GOOD,1,1,0,0,4,9,5,16,18,56,57,118,31%,69%,True
lh,Europe Friendlies,GOOD,GOOD,2,3,0,0,2,4,1,11,5,30,23,66,22%,78%,False
fh,Australia W-League,GOOD,GOOD,0,1,0,0,2,9,1,6,50,71,86,87,46%,54%,True
lh,Australia W-League,GOOD,GOOD,0,3,0,0,1,6,0,5,21,32,39,35,46%,54%,True
fh,Algeria Youth League,GOOD,GOOD,1,1,0,0,4,3,3,7,37,27,74,70,56%,44%,False
lh,Algeria Youth League,GOOD,GOOD,3,2,0,0,1,1,0,3,15,15,34,38,55%,45%,True
fh,Algeria Youth League,GOOD,GOOD,0,0,0,0,1,1,5,1,78,69,139,130,53%,47%,False
lh,Algeria Youth League,GOOD,GOOD,1,0,0,0,0,0,2,0,38,31,68,59,54%,46%,False
fh,Algeria Youth League,GOOD,GOOD,1,0,0,0,17,8,7,10,44,49,72,70,57%,43%,True
lh,Algeria Youth League,GOOD,GOOD,1,1,0,0,8,5,2,5,24,25,36,36,54%,46%,True
fh,Israel Liga Alef South,GOOD,GOOD,1,1,0,0,1,2,0,0,41,27,88,82,59%,41%,False
lh,Israel Liga Alef South,GOOD,GOOD,1,2,0,0,1,1,0,0,23,11,48,39,58%,42%,False
fh,Israel Liga Alef North,GOOD,GOOD,0,0,0,0,5,4,2,10,63,76,105,118,50%,50%,True
lh,Israel Liga Alef North,GOOD,GOOD,1,1,0,0,3,1,2,7,44,35,52,56,52%,48%,False
fh,Europe Friendlies,GOOD,GOOD,1,0,0,0,1,5,2,4,22,87,54,125,33%,67%,True
lh,Europe Friendlies,GOOD,GOOD,1,2,0,0,1,2,1,3,13,39,25,57,36%,64%,False
fh,Israel Liga Alef South,GOOD,GOOD,0,0,0,0,1,5,1,0,49,52,76,64,53%,47%,True
lh,Israel Liga Alef South,GOOD,GOOD,0,1,0,0,1,2,0,0,21,19,38,26,54%,46%,False
fh,Iran Div 1,GOOD,GOOD,0,0,0,0,2,3,3,1,43,35,88,81,58%,42%,True
lh,Iran Div 1,GOOD,GOOD,0,0,0,0,2,2,1,1,21,15,38,43,55%,45%,False
fh,Israel Liga Alef North,GOOD,GOOD,1,0,0,0,6,1,11,4,46,49,98,95,49%,51%,True
fh,Australia - Western...,GOOD,GOOD,0,0,0,0,8,0,3,2,43,26,96,55,61%,39%,True
lh,Australia - Western...,GOOD,GOOD,1,0,0,0,4,0,2,1,23,14,55,27,66%,34%,True
fh,Wales Premier League,GOOD,GOOD,1,2,1,4,6,5,4,5,63,64,103,101,56%,44%,True
lh,Wales Premier League,GOOD,GOOD,2,2,4,2,5,4,0,1,26,30,53,50,58%,42%,False
fh,Belgium First Divis...,GOOD,GOOD,0,1,2,2,2,2,17,11,54,27,125,105,50%,50%,True
lh,Belgium First Divis...,GOOD,GOOD,0,1,8,2,0,1,6,3,23,14,64,60,43%,57%,True
fh,Scotland Championship,GOOD,GOOD,1,2,1,3,7,5,9,8,45,32,80,50,54%,46%,True
lh,Scotland Championship,GOOD,GOOD,2,2,3,1,3,3,2,3,19,22,35,31,56%,44%,True
fh,England Championship,GOOD,GOOD,1,0,2,3,4,8,9,9,36,37,121,109,42%,58%,False
lh,England Championship,GOOD,GOOD,1,1,1,2,3,4,6,4,18,10,60,37,49%,51%,True
fh,Wales Premier League,GOOD,GOOD,1,0,0,1,3,1,3,1,63,51,75,92,43%,57%,True
lh,Wales Premier League,GOOD,GOOD,1,0,0,0,3,0,2,1,36,24,33,42,41%,59%,True
fh,Gibraltar National ...,GOOD,GOOD,2,0,0,0,6,0,6,13,36,41,67,75,44%,56%,False
lh,Gibraltar National ...,GOOD,GOOD,3,0,0,0,3,0,3,2,15,17,33,35,48%,52%,True
fh,Northern Ireland Ch...,GOOD,GOOD,1,0,0,0,7,3,7,9,38,31,94,92,52%,48%,False
lh,Northern Ireland Ch...,GOOD,GOOD,1,0,0,6,6,1,5,5,27,12,57,42,52%,48%,True
fh,Northern Ireland Le...,GOOD,GOOD,0,1,0,3,2,2,5,6,88,77,129,100,55%,45%,True
lh,Northern Ireland Le...,GOOD,GOOD,2,2,0,6,0,1,3,2,45,42,70,58,52%,48%,True
fh,England Isthmian Di...,GOOD,GOOD,0,1,0,3,2,6,5,12,33,55,79,84,45%,55%,True
lh,England Isthmian Di...,GOOD,GOOD,0,3,1,1,2,3,3,4,16,27,38,38,51%,49%,False
fh,Republic of Ireland...,GOOD,GOOD,0,1,0,0,5,3,4,3,79,68,155,160,48%,52%,False
lh,Republic of Ireland...,GOOD,GOOD,2,1,0,0,1,2,1,0,41,31,81,83,52%,48%,True
fh,France Ligue 1,GOOD,GOOD,1,0,4,2,4,3,10,9,55,58,111,136,51%,49%,True
lh,France Ligue 1,GOOD,GOOD,2,0,1,5,2,1,5,4,41,14,69,54,59%,41%,False
fh,Spain Segunda,GOOD,GOOD,0,0,5,0,10,2,17,5,74,33,141,85,59%,41%,True
lh,Spain Segunda,GOOD,GOOD,1,0,4,0,3,1,8,2,36,20,76,42,56%,44%,True
fh,Wales Premier League,GOOD,GOOD,3,0,0,0,14,2,10,2,63,28,77,55,55%,45%,False
lh,Wales Premier League,GOOD,GOOD,5,0,0,0,8,0,6,1,31,12,35,31,50%,50%,False
fh,Portugal Segunda Liga,GOOD,GOOD,0,0,4,0,4,4,6,11,58,75,77,108,40%,60%,True
lh,Portugal Segunda Liga,GOOD,GOOD,2,0,3,0,1,3,3,7,31,38,32,53,40%,60%,True
fh,Portugal Liga 3,GOOD,GOOD,1,0,2,0,4,1,3,3,50,61,86,137,37%,63%,True
lh,Portugal Liga 3,GOOD,GOOD,2,0,2,0,1,1,1,1,23,25,42,63,39%,61%,False
fh,Spain Tercera Group 12,GOOD,GOOD,1,0,0,0,5,3,8,6,39,46,75,117,39%,61%,True
lh,Spain Tercera Group 12,GOOD,GOOD,2,0,0,0,3,1,3,3,19,22,39,60,40%,60%,True
fh,Copa America,GOOD,GOOD,0,0,3,4,3,1,23,3,96,15,110,52,70%,30%,True
lh,Copa America,GOOD,GOOD,0,1,9,1,1,0,9,1,35,7,39,21,63%,37%,True
fh,Costa Rica U20 League,GOOD,GOOD,0,0,0,0,5,3,9,4,65,29,74,73,59%,41%,True
lh,Costa Rica U20 League,GOOD,GOOD,1,1,0,0,4,1,4,2,31,15,37,34,60%,40%,False
fh,South America - Wor...,GOOD,GOOD,2,1,1,2,9,1,14,13,48,22,110,78,55%,45%,False
lh,South America - Wor...,GOOD,GOOD,4,1,4,0,4,1,5,12,18,16,49,45,52%,48%,True
fh,America Friendlies,GOOD,GOOD,0,0,0,0,4,2,4,1,70,68,123,114,57%,43%,True
lh,America Friendlies,GOOD,GOOD,2,1,0,0,1,0,1,0,37,26,52,42,60%,40%,False
fh,Mexico Liga MX Femenil,GOOD,GOOD,0,0,0,0,3,0,1,1,58,44,74,77,49%,51%,True
lh,Mexico Liga MX Femenil,GOOD,GOOD,0,0,0,0,3,0,0,0,35,21,34,37,53%,47%,True
fh,Mexico Liga de Asce...,GOOD,GOOD,1,0,0,0,5,2,4,8,76,86,162,118,54%,46%,False
lh,Mexico Liga de Asce...,GOOD,GOOD,1,0,0,0,4,1,2,5,42,37,78,51,59%,41%,True
fh,French Guiana Ligue 1,GOOD,GOOD,0,0,0,0,3,0,4,5,50,39,93,83,56%,44%,False
lh,French Guiana Ligue 1,GOOD,GOOD,1,0,0,0,2,0,2,2,24,19,43,37,58%,42%,False
fh,America Friendlies,GOOD,WINDY,0,1,0,0,2,3,7,10,41,39,99,102,49%,51%,True
lh,America Friendlies,GOOD,WINDY,1,2,0,0,1,2,2,7,18,23,47,51,44%,56%,False
fh,Costa Rica Primera ...,GOOD,GOOD,0,1,0,0,7,5,6,3,63,53,92,93,49%,51%,True
lh,Costa Rica Primera ...,GOOD,GOOD,1,1,0,0,3,3,2,2,26,29,47,47,50%,50%,False
fh,Mexico Segunda Divi...,GOOD,GOOD,1,0,2,0,1,1,1,10,44,47,96,99,41%,59%,False
lh,Mexico Segunda Divi...,GOOD,GOOD,1,1,1,0,1,0,1,4,22,23,52,58,45%,55%,True
fh,Costa Rica Primera ...,GOOD,GOOD,1,0,0,0,8,5,2,6,27,43,49,61,50%,50%,True
lh,Costa Rica Primera ...,GOOD,GOOD,4,2,0,0,4,2,2,5,13,32,20,36,49%,51%,False
fh,Mexico Liga de Asce...,GOOD,GOOD,1,0,0,0,3,1,4,6,66,57,107,112,50%,50%,False
lh,Mexico Liga de Asce...,GOOD,GOOD,1,0,0,0,3,1,3,2,28,22,44,51,51%,49%,False
fh,Mexico Liga MX Femenil,GOOD,GOOD,2,0,0,0,8,5,11,0,86,32,112,63,64%,36%,False
lh,Mexico Liga MX Femenil,GOOD,GOOD,5,1,0,0,3,1,8,0,50,14,60,28,67%,33%,False
fh,Argentina Torneo Re...,GOOD,GOOD,0,0,0,0,1,3,9,0,51,33,89,76,56%,44%,True
lh,Argentina Torneo Re...,GOOD,GOOD,0,0,0,0,0,2,3,0,24,16,46,37,61%,39%,True
fh,Mexico Apertura,GOOD,GOOD,1,0,0,0,2,1,7,2,40,39,98,102,46%,54%,False
lh,Mexico Apertura,GOOD,GOOD,2,1,0,0,1,0,3,1,20,12,56,43,50%,50%,True
fh,Mexico Apertura,GOOD,GOOD,0,1,5,2,5,2,5,7,39,48,78,86,50%,50%,True
lh,Mexico Apertura,GOOD,GOOD,3,1,2,4,2,1,3,4,17,13,36,29,50%,50%,True
fh,Australia W-League,GOOD,GOOD,0,0,0,0,5,5,5,3,48,46,84,83,46%,54%,True
lh,Australia W-League,GOOD,GOOD,1,2,0,0,3,1,1,2,20,21,37,42,41%,59%,True
fh,Australia A-League,GOOD,GOOD,0,1,0,0,5,3,19,5,51,16,106,82,59%,41%,False
lh,Australia A-League,GOOD,GOOD,4,1,0,0,0,1,11,3,26,5,59,44,60%,40%,True
fh,India Regional Cup,GOOD,GOOD,1,0,0,0,3,3,5,1,79,99,116,140,45%,55%,False
lh,India Regional Cup,GOOD,GOOD,1,0,0,0,3,2,2,1,34,44,59,75,45%,55%,True
fh,Europe Friendlies,GOOD,GOOD,4,0,0,0,22,0,19,1,59,19,86,48,71%,29%,True
lh,Europe Friendlies,GOOD,GOOD,10,0,0,0,11,0,7,0,35,11,49,25,71%,29%,True
fh,Indonesia Super Liga,GOOD,GOOD,0,0,0,0,4,5,16,9,95,64,103,84,61%,39%,False
lh,Indonesia Super Liga,GOOD,GOOD,2,1,0,0,1,3,8,5,46,33,49,38,62%,38%,False
fh,Thailand Division 3,GOOD,GOOD,0,0,0,0,1,1,6,3,33,34,62,64,45%,55%,True
lh,Thailand Division 3,GOOD,GOOD,0,0,0,0,1,1,4,2,16,16,35,32,46%,54%,False
fh,Thailand Division 3,GOOD,GOOD,1,2,0,0,2,9,3,4,70,75,100,107,48%,52%,True
lh,Thailand Division 3,GOOD,GOOD,1,3,0,0,2,6,2,3,30,35,48,55,45%,55%,True
fh,Thailand Division 3,GOOD,GOOD,1,2,0,0,2,3,7,4,85,68,121,102,64%,36%,False
lh,Thailand Division 3,GOOD,GOOD,1,2,0,0,2,2,4,4,42,36,63,56,61%,39%,False
fh,Thailand Division 3,GOOD,GOOD,0,0,0,0,3,5,6,3,56,55,92,98,54%,46%,False
lh,Thailand Division 3,GOOD,GOOD,0,0,0,0,2,4,3,2,23,29,44,49,55%,45%,False
fh,Thailand Division 3,GOOD,GOOD,0,1,0,0,8,5,12,12,25,25,62,58,56%,44%,True
lh,Thailand Division 3,GOOD,GOOD,0,1,0,0,4,3,2,9,6,11,19,20,47%,53%,True
fh,Holland Eerste Divisie,GOOD,GOOD,0,0,0,0,11,2,7,10,95,47,125,100,59%,41%,False
lh,Holland Eerste Divisie,GOOD,GOOD,1,0,0,2,4,0,0,5,45,18,57,49,60%,40%,False
fh,Israel Premier League,GOOD,GOOD,4,0,0,0,6,2,3,6,22,37,62,89,41%,59%,False
lh,Israel Premier League,GOOD,GOOD,5,1,0,0,4,0,2,3,13,13,31,43,42%,58%,True
fh,Spain Primera Divis...,GOOD,GOOD,0,1,0,0,5,6,13,4,121,48,184,98,68%,32%,True
lh,Spain Primera Divis...,GOOD,GOOD,0,3,0,0,2,2,5,2,43,23,90,55,64%,36%,False
fh,Campeonato Paulista A3,GOOD,GOOD,0,0,0,3,3,4,9,11,49,55,110,120,45%,55%,True
lh,Campeonato Paulista A3,GOOD,GOOD,0,1,0,3,1,1,2,8,19,28,48,61,41%,59%,True
fh,Brazil Paulista Ser...,GOOD,GOOD,0,1,0,0,6,1,8,4,53,42,89,82,56%,44%,True
lh,Brazil Paulista Ser...,GOOD,GOOD,2,1,0,0,2,1,5,0,24,26,38,40,52%,48%,False
fh,El Salvador Reserve...,GOOD,GOOD,0,2,0,0,6,4,4,3,88,59,112,94,59%,41%,True
lh,El Salvador Reserve...,GOOD,GOOD,1,2,0,0,1,4,3,2,33,33,54,50,49%,51%,False
fh,Hungary NB I,GOOD,GOOD,0,0,0,0,4,1,4,7,23,48,37,65,36%,64%,True
lh,Hungary NB I,GOOD,GOOD,0,0,0,0,1,0,1,4,14,26,10,13,35%,65%,True
fh,Mexico Liga TDP,GOOD,GOOD,0,0,0,0,5,2,20,6,66,40,82,68,64%,36%,False
lh,Mexico Liga TDP,GOOD,GOOD,0,0,0,0,2,0,9,4,28,19,37,32,62%,38%,False
fh,Israel Cup,GOOD,GOOD,0,0,0,0,3,0,8,3,61,76,121,137,45%,55%,False
lh,Israel Cup,GOOD,GOOD,1,0,0,0,0,0,2,1,26,36,60,68,44%,56%,True
fh,Portugal Campeonato...,GOOD,GOOD,0,1,0,0,3,6,8,8,35,27,68,59,51%,49%,False
lh,Portugal Campeonato...,GOOD,GOOD,1,2,0,0,1,4,5,4,18,16,37,31,48%,52%,False
fh,Spain Primera Nacio...,GOOD,GOOD,0,0,0,0,3,1,3,5,60,66,151,122,56%,44%,False
lh,Spain Primera Nacio...,GOOD,GOOD,1,0,0,0,1,1,2,3,30,32,87,57,59%,41%,False
fh,African Nations Cup...,GOOD,GOOD,0,0,0,4,1,7,1,11,20,58,66,97,38%,62%,False
lh,African Nations Cup...,GOOD,GOOD,0,2,2,1,0,2,0,7,4,46,36,68,33%,67%,False
fh,Spain Segunda Divis...,GOOD,GOOD,1,0,0,4,5,4,3,7,45,73,80,71,50%,50%,False
lh,Spain Segunda Divis...,GOOD,GOOD,1,1,0,5,4,3,2,4,25,26,38,39,52%,48%,False
fh,Italy Campionato Pr...,GOOD,GOOD,2,1,0,0,6,6,9,3,73,49,104,84,58%,42%,True
lh,Italy Campionato Pr...,GOOD,GOOD,3,4,0,0,4,2,5,1,29,33,42,47,55%,45%,False
fh,Spain Youth League,GOOD,GOOD,0,0,0,0,3,5,4,2,25,31,47,55,44%,56%,True
lh,Spain Youth League,GOOD,GOOD,1,0,0,0,1,4,3,0,10,11,18,21,45%,55%,False
fh,Iceland Cup,GOOD,GOOD,1,0,0,0,1,5,2,11,40,56,54,55,47%,53%,False
lh,Iceland Cup,GOOD,GOOD,1,3,0,0,1,0,1,5,20,25,25,26,48%,52%,True
fh,Spain Primera Divis...,GOOD,GOOD,0,1,2,0,3,3,11,1,43,10,63,51,64%,36%,True
lh,Spain Primera Divis...,GOOD,GOOD,0,1,4,0,2,2,5,0,19,6,31,29,58%,42%,True
fh,Spain Segunda Divis...,GOOD,GOOD,1,1,0,0,5,3,6,5,41,26,91,75,61%,39%,True
lh,Spain Segunda Divis...,GOOD,GOOD,2,2,0,0,3,2,2,3,20,16,48,43,63%,37%,True
fh,Spain Tercera Group 4,GOOD,GOOD,0,0,3,0,6,5,8,4,40,37,63,61,49%,51%,True
lh,Spain Tercera Group 4,GOOD,GOOD,3,0,4,0,2,4,7,3,22,13,31,27,51%,49%,False
fh,Spain Women Segunda,GOOD,GOOD,0,2,0,0,5,4,10,3,46,35,94,73,61%,39%,False
lh,Spain Women Segunda,GOOD,GOOD,1,3,0,0,2,2,7,2,23,20,46,40,56%,44%,False
fh,Croatia 1.HNL,GOOD,GOOD,1,2,0,0,2,8,8,3,87,55,127,108,54%,46%,True
lh,Croatia 1.HNL,GOOD,GOOD,1,3,0,0,1,5,2,0,40,30,67,48,53%,47%,False
fh,Mexico Liga TDP,GOOD,GOOD,2,0,0,0,7,1,9,6,40,30,79,63,59%,41%,False
lh,Mexico Liga TDP,GOOD,GOOD,3,0,0,0,4,0,6,1,26,14,45,29,55%,45%,False
fh,Spain Tercera Group 6,GOOD,GOOD,0,0,0,0,9,4,6,2,50,30,91,80,48%,52%,True
lh,Spain Tercera Group 6,GOOD,GOOD,2,0,0,0,3,3,3,1,28,19,40,41,51%,49%,True
fh,International Match,GOOD,GOOD,1,0,1,4,2,2,0,5,42,80,92,103,45%,55%,True
lh,International Match,GOOD,GOOD,2,0,3,7,1,2,0,1,20,33,49,53,46%,54%,True
fh,Estonia Esiliiga B,GOOD,GOOD,2,3,0,0,2,14,1,7,38,65,64,88,40%,60%,False
lh,Estonia Esiliiga B,GOOD,GOOD,2,9,0,0,2,6,1,3,21,32,36,43,49%,51%,False
fh,Spain Youth League,GOOD,GOOD,0,0,0,0,2,4,5,8,68,94,107,128,36%,64%,True
lh,Spain Youth League,GOOD,GOOD,1,1,0,0,0,0,2,3,32,36,57,61,37%,63%,False
fh,Europe Friendlies,GOOD,GOOD,1,1,0,0,7,9,5,3,44,28,59,49,54%,46%,True
lh,Europe Friendlies,GOOD,GOOD,3,2,0,0,1,4,0,2,7,9,13,14,44%,56%,False
fh,Spain Tercera Group 11,GOOD,GOOD,0,0,0,2,2,10,9,15,40,52,77,100,37%,63%,False
lh,Spain Tercera Group 11,GOOD,GOOD,0,0,2,4,1,6,4,5,19,27,38,47,39%,61%,True
fh,Germany 3.Liga,GOOD,GOOD,1,1,0,1,4,5,7,9,40,58,61,98,46%,54%,False
lh,Germany 3.Liga,GOOD,GOOD,2,1,1,2,1,4,0,3,20,23,27,52,50%,50%,False
fh,France National 2,GOOD,GOOD,0,1,0,3,4,6,10,2,41,43,100,95,56%,44%,True
lh,France National 2,GOOD,GOOD,0,1,0,1,3,5,6,2,20,28,49,48,56%,44%,False
fh,Spain Primera Nacio...,GOOD,GOOD,0,2,0,0,3,13,1,13,26,43,74,89,31%,69%,False
lh,Spain Primera Nacio...,GOOD,GOOD,0,4,0,0,0,6,0,8,6,27,37,50,27%,73%,True
fh,France National 3,GOOD,GOOD,1,0,0,0,7,4,2,6,36,63,88,118,42%,58%,False
lh,France National 3,GOOD,GOOD,1,0,0,0,3,2,1,3,20,30,33,61,39%,61%,False
fh,France National 2,GOOD,GOOD,0,0,2,0,1,4,6,4,41,50,73,102,41%,59%,False
lh,France National 2,GOOD,GOOD,0,0,2,0,1,1,4,3,22,24,38,52,44%,56%,True
fh,Cyprus Division 1,GOOD,GOOD,1,1,0,0,1,3,7,3,31,42,101,106,59%,41%,False
lh,Cyprus Division 1,GOOD,GOOD,1,1,0,0,1,2,4,1,15,18,51,53,67%,33%,True
fh,France National 2,GOOD,GOOD,1,0,0,0,3,6,3,8,55,62,102,115,53%,47%,True
lh,France National 2,GOOD,GOOD,1,1,0,3,2,0,2,3,37,19,59,56,58%,42%,True
fh,Spain Segunda Divis...,GOOD,GOOD,1,0,0,0,3,4,8,7,46,31,100,101,52%,48%,False
lh,Spain Segunda Divis...,GOOD,GOOD,1,1,0,0,3,2,3,4,18,15,43,49,48%,52%,False
fh,Switzerland Super L...,GOOD,GOOD,0,0,0,1,3,3,5,5,66,61,107,81,48%,52%,False
lh,Switzerland Super L...,GOOD,GOOD,1,0,0,3,1,2,4,2,37,22,66,35,56%,44%,False
fh,France National,GOOD,GOOD,0,1,5,0,6,4,3,4,53,34,88,67,54%,46%,False
lh,France National,GOOD,GOOD,0,1,1,0,2,1,2,3,24,18,35,39,51%,49%,False
fh,Spain Primera Divis...,GOOD,GOOD,0,0,0,0,8,3,7,4,43,26,116,89,61%,39%,False
lh,Spain Primera Divis...,GOOD,GOOD,1,0,0,0,3,1,3,2,23,11,53,46,65%,35%,True
fh,Malta Premier League,GOOD,GOOD,2,2,0,0,4,5,9,4,64,54,92,84,52%,48%,True
lh,Malta Premier League,GOOD,GOOD,2,3,0,0,4,2,3,2,31,27,42,43,48%,52%,True
fh,Spain Primera Nacio...,GOOD,GOOD,2,1,0,0,4,5,1,4,35,48,78,73,53%,47%,False
lh,Spain Primera Nacio...,GOOD,GOOD,2,2,0,0,4,3,1,3,19,17,36,27,56%,44%,True
fh,France National 2,GOOD,GOOD,0,0,0,0,7,1,8,3,34,34,76,89,48%,52%,True
lh,France National 2,GOOD,GOOD,4,0,0,0,1,0,3,0,11,18,37,52,43%,57%,True
fh,France National 2,GOOD,GOOD,1,0,0,0,5,1,4,1,56,20,113,78,52%,48%,False
lh,France National 2,GOOD,GOOD,1,1,0,0,2,0,1,1,22,12,52,43,44%,56%,True
fh,Spain Primera Nacio...,GOOD,GOOD,3,0,0,0,14,7,14,3,49,43,66,62,62%,38%,False
lh,Spain Primera Nacio...,GOOD,GOOD,4,2,0,0,9,1,10,1,27,19,33,27,61%,39%,False
fh,Spain Primera Nacio...,GOOD,GOOD,3,0,0,0,13,2,17,1,81,12,115,49,73%,27%,False
lh,Spain Primera Nacio...,GOOD,GOOD,5,0,0,0,8,0,6,0,41,6,66,26,72%,28%,False
fh,Spain Segunda,GOOD,GOOD,0,0,0,3,2,5,11,8,54,42,134,81,60%,40%,False
lh,Spain Segunda,GOOD,GOOD,2,1,2,1,0,2,4,4,26,23,61,33,65%,35%,True
fh,Spain Segunda,GOOD,GOOD,0,0,2,1,6,3,13,7,52,37,103,128,51%,49%,False
lh,Spain Segunda,GOOD,GOOD,1,0,1,2,3,2,6,1,22,13,56,52,57%,43%,True
fh,England National Le...,GOOD,GOOD,0,0,4,3,0,5,5,7,52,64,112,114,49%,51%,False
lh,England National Le...,GOOD,GOOD,0,1,3,1,0,3,1,4,24,36,51,62,44%,56%,False
fh,Israel Liga Bet South,GOOD,GOOD,0,1,0,0,0,5,3,5,14,24,47,49,52%,48%,False
fh,Northern Ireland Pr...,GOOD,GOOD,1,0,9,0,5,0,4,0,82,25,116,62,72%,28%,False
lh,Northern Ireland Pr...,GOOD,GOOD,4,0,6,0,1,0,3,0,39,14,55,38,69%,31%,True
fh,France Cup,GOOD,GOOD,1,0,3,0,3,4,4,6,69,70,85,87,50%,50%,True
lh,France Cup,GOOD,GOOD,1,1,5,0,3,1,1,2,26,42,37,44,50%,50%,True
fh,Gibraltar National ...,GOOD,GOOD,0,0,0,0,1,3,5,12,28,26,76,80,49%,51%,False
lh,Gibraltar National ...,GOOD,GOOD,0,1,0,0,0,1,3,4,16,9,40,40,49%,51%,True
fh,England Championship,GOOD,GOOD,0,0,0,0,2,6,1,15,26,68,97,125,43%,57%,True
lh,England Championship,GOOD,GOOD,0,2,0,0,2,2,1,12,14,34,49,65,37%,63%,False
fh,Belgium First Divis...,GOOD,GOOD,0,0,0,0,3,3,11,8,36,45,86,98,53%,47%,False
lh,Belgium First Divis...,GOOD,GOOD,0,0,0,1,3,2,6,4,26,21,50,48,56%,44%,False
fh,Belgium First Amate...,GOOD,GOOD,1,0,0,0,2,3,8,8,49,47,92,94,38%,62%,False
lh,Belgium First Amate...,GOOD,GOOD,1,0,0,0,1,1,2,2,22,22,47,44,41%,59%,True
fh,Spain Tercera Group 10,GOOD,GOOD,1,0,1,0,5,2,9,3,50,28,73,65,55%,45%,True
lh,Spain Tercera Group 10,GOOD,GOOD,1,1,5,0,3,1,3,2,25,13,38,31,54%,46%,True
fh,Spain Segunda Divis...,GOOD,GOOD,1,0,1,0,6,4,3,8,84,89,124,109,48%,52%,False
lh,Spain Segunda Divis...,GOOD,GOOD,2,2,1,3,4,0,0,4,46,41,64,46,51%,49%,False
fh,Spain Segunda Divis...,GOOD,GOOD,0,0,5,0,5,0,6,3,44,29,109,95,60%,40%,True
lh,Spain Segunda Divis...,GOOD,GOOD,1,0,3,0,4,0,2,1,23,12,52,43,56%,44%,False
fh,Spain Segunda Divis...,GOOD,GOOD,0,1,4,0,1,5,11,5,52,27,109,72,63%,37%,False
lh,Spain Segunda Divis...,GOOD,GOOD,0,1,4,0,0,4,5,3,21,15,43,38,63%,37%,True
